ba,days,G3_w2_mean,BEST_mean,gain_pp,gain_rel_pct,ci_lo,ci_hi,share_days_b_better,sign_test_p,needs_b,gain_Mon,gain_Tue,gain_Wed,gain_Thu,gain_Fri,gain_Sat,gain_Sun
BANC,3264,3.8333116042465245,3.057383325463269,0.7759282787832558,20.241722011946177,0.6985578249451696,0.8587185059798403,0.6152628245725142,1.310395120889926e-38,True,0.7954052041448313,0.6423996717020412,0.68083112440611,0.5937791745592562,0.7231297218421624,1.0261413906516605,1.056663458627408
FPC,3347,5.307815369526446,4.3249457705085685,0.9828695990178767,18.517403688545535,0.8670366144046873,1.0912593450461898,0.6196875,4.6650651993571e-42,True,0.9041765469361146,1.0260284169391398,1.0341975613286325,0.8596573565417037,0.5167697122521101,1.3850703353756357,1.227820219038673
FMPP,3288,4.3078705985854695,3.6034709261573448,0.7043996724281246,16.35145848297813,0.6211188238456674,0.785866748154647,0.6292063492063492,4.5168358669366383e-48,True,0.6806490199288978,0.7600665119081342,0.6310295149279304,0.6399196629061745,0.4187926308093813,0.9934806662600668,0.8749302097401058
DUK,3330,4.500780822130593,3.7828526332771313,0.7179281888534608,15.951191964811247,0.63820771452143,0.7963948037495491,0.621613204609156,1.5949733491671592e-43,True,0.6082107824736678,0.6824000193540881,0.7173432762485754,0.6259127218087062,0.5596783035964361,0.9676477817394279,0.9189614382941524
JEA,3330,5.416808551198859,4.55956300054968,0.8572455506491791,15.825657165960791,0.7628387883455935,0.95213848070814,0.6294684488654025,2.97285216939976e-49,True,0.7253119418139431,1.053768289442464,0.9075030572125481,0.7713141796671303,0.5414968100386118,0.9153377865676321,1.1261406738030724
TEC,3339,4.806161402656113,4.057444106479214,0.7487172961768991,15.578280324982893,0.6647839497837044,0.8323264142781227,0.621026125275417,1.1190700767752801e-42,True,0.7073530999760617,0.6706638887858264,0.8039189708507138,0.7208242300168088,0.37275505789061464,1.1116001466991439,0.921404633151615
CPLE,3308,5.6864792564541915,4.809283588085908,0.8771956683682836,15.42598906648012,0.778260963101683,0.9701360495522137,0.6296180338134001,5.0471712694019855e-49,True,0.7644234582255188,0.8381377099735189,0.9024237629037944,0.6530163933486247,0.7205137753700751,1.1247072800113471,1.2315158821319956
AVA,3336,2.726855663052865,2.326145441516947,0.40071022153591795,14.69495532767953,0.3558768908532423,0.44550445444369324,0.6071428571428571,1.3141095551585881e-33,True,0.48510448958750824,0.39455139248406434,0.3589529084263951,0.33250312079642547,0.2966472637540088,0.40877782842012067,0.5647085217303162
TVA,3282,4.278493624800803,3.654624682949666,0.6238689418511373,14.581509207698847,0.5532566551634198,0.6954901830426715,0.6184499529337936,4.657725971003638e-41,True,0.5718887275509887,0.5626430588613027,0.46996113163224595,0.5403885804130475,0.5809575545367575,0.8419305719005142,0.8844236217378362
FPL,3323,3.6329775645979785,3.108746123914396,0.5242314406835821,14.429801212978118,0.4582699590779463,0.5896503021599472,0.6179412713778638,1.225152672107965e-39,True,0.4939670354770171,0.5252095683584422,0.5039323985010385,0.34006465475639286,0.2704634163580226,0.8381859959911886,0.7618055125164467
SWPP,3242,2.7024359910816598,2.3230465888032876,0.379389402278372,14.038793278745521,0.32742784409713277,0.42921208595271,0.6127979105452172,5.7485529987826296e-36,True,0.4841084526819348,0.283973740505882,0.2750636164950425,0.31363536020079774,0.31147152891012586,0.5184082296838322,0.526702093994655
PGE,3347,2.8961566487219605,2.489662130874041,0.4064945178479195,14.035653700821078,0.35545174692599235,0.45730397470345013,0.5849408836341008,5.614966103883205e-22,True,0.5759111590566336,0.34918309973488015,0.3979594846904636,0.34943542381751735,0.2989152251421579,0.44216887728862814,0.4611508142000648
SRP,3250,3.7496287985810386,3.2380316240071316,0.5115971745739066,13.643941895461998,0.4395932822263375,0.5817006039684073,0.5872408293460925,1.4243777972553517e-22,True,0.5460414911982336,0.5456583450012912,0.4187124904145075,0.33928605487504776,0.23443157260425165,0.8055532688036873,0.7838688889499196
LGEE,3319,4.264181503883507,3.6836342794231998,0.5805472244603072,13.614505478521185,0.5120048394155551,0.6489263257817718,0.6137218045112782,5.242943876379088e-38,True,0.547585995522556,0.5295297753297101,0.532819415725868,0.427224249945394,0.3983356583183933,0.7697280134700686,0.9448193623440643
AECI,3337,5.387580915559579,4.6648388097670574,0.7227421057925213,13.41496521574663,0.6415388432199325,0.807023493954882,0.6090202177293935,2.7896509075087e-35,True,0.805178930356707,0.6401301487509522,0.4796217437939973,0.5291230431096913,0.694980641376613,1.02598979068665,0.975142965306737
SOCO,3256,3.809507425699411,3.3032415901071936,0.5062658355922176,13.289535339316712,0.4387396698468318,0.574722946049158,0.604760413404322,1.7965022745571024e-32,True,0.34030919880169946,0.5611152682014491,0.40446908858880787,0.4102516958623237,0.4617056239460851,0.820039360433223,0.5878997266186381
AEC,1968,6.352939117934993,5.512533742010201,0.8404053759247921,13.228607426006056,0.6808905694302682,0.9952044361709184,0.5975081256771397,5.206417382264858e-17,True,0.4968076971944103,1.0257744798060084,1.0003158283261877,0.8335305140624902,0.6534407207516417,1.0540391028117484,0.7999428600334307
EPE,3358,3.539449438259908,3.0800755724166997,0.45937386584320844,12.978681398230382,0.40215898047837856,0.5186289229138796,0.5979993748046264,1.206624135698393e-28,True,0.4530186487051753,0.3211437441213203,0.3212386563158263,0.3282314686100135,0.32980553021130493,0.6737581185527752,0.8755388107114022
SC,3174,4.893200011028814,4.261483596595889,0.631716414432925,12.910087734184083,0.545937534294481,0.7131415694163828,0.6019607843137255,1.290109739420265e-29,True,0.5152290167631092,0.7453909394264944,0.5257836079799583,0.45169377882034395,0.4369838264420764,0.9239693295880317,0.9158204331491155
CPLW,3325,5.131412941406739,4.47556410608017,0.6558488353265693,12.781057436137136,0.5801523728792362,0.7405175869638251,0.6125116713352008,1.8246086813109765e-37,True,0.7680071563832525,0.4980492830089509,0.5488450225102735,0.5084937350464421,0.458120679052453,0.9577414079920906,0.9625202863154375
ERCO,3334,3.3230452887061994,2.8996874877649197,0.42335780094127945,12.740055104879728,0.3620926991743219,0.4879740424663317,0.5886392009987516,9.84706998665181e-24,True,0.5366140808201102,0.33514865527750537,0.3658770326277728,0.34232791132804696,0.3169977465891939,0.5531100401013503,0.5685957552566304
BPAT,3366,2.4019949188064373,2.107907210846875,0.29408770795956246,12.243477521829897,0.25662907503995275,0.3288259858666106,0.5907967881408277,4.453322179862575e-25,True,0.3275972736171727,0.24627064924819597,0.3025883420612271,0.2077230508893631,0.2398825399734587,0.36473028108897804,0.3963901194658816
NEVP,3334,2.8219419910139405,2.4778738322266385,0.3440681587873016,12.192602111699536,0.2954313439512689,0.3955373167753498,0.5847642834842335,8.021803097943871e-22,True,0.4287087351972323,0.34316719188517447,0.1932329780872949,0.2103789648088982,0.23471031151295232,0.5103508151996118,0.5467434492269279
PJM,3344,2.677894482901592,2.373301046120097,0.3045934367814944,11.374362908110436,0.26293658712805773,0.3470622375416355,0.5993096956385315,2.8407463838621894e-29,True,0.29446037499761274,0.2734427024378245,0.2690528855995521,0.19397985864307182,0.20374183120685746,0.47077751675703555,0.47785685554010865
PNM,3391,2.58836180835595,2.2974824460736336,0.29087936228231664,11.237971497774282,0.2529609679082259,0.32935066190183043,0.5877028714107366,2.893073827860233e-23,True,0.4087965871517813,0.26714101353289443,0.19525337528101258,0.2553950320618334,0.08500211410610735,0.38889640382929963,0.482851199119923
GCPD,3366,1.81102620341998,1.608366441609823,0.202659761810157,11.190327419197471,0.17821700601443546,0.22596521758196375,0.6148542776559073,9.940028992044627e-39,True,0.18463265467257178,0.19370231846217134,0.16540065021201972,0.18956528414662416,0.11209477220718468,0.2645144949447893,0.3354012704151474
SCEG,3326,4.392420457623596,3.90664560891341,0.48577484871018745,11.059388630864433,0.4150332838827243,0.554105578930865,0.598136645962733,6.715615102428622e-29,True,0.3673109939773704,0.5751470692707862,0.4503228669473628,0.33340706754815275,0.36260101079820034,0.6352044652647836,0.7258079150080539
MISO,3354,2.141745616910632,1.9084196243965341,0.23332599251409836,10.894197269359196,0.19986211998674241,0.26943015439402124,0.5677519379844961,1.481694008966995e-14,True,0.29755569485567274,0.23442590717437545,0.10893377913381103,0.12348956418827697,0.19578277549158338,0.3342582382600848,0.38390056123213245
TPWR,3370,2.819589731819738,2.5187129809231106,0.3008767508966282,10.670940793306302,0.2636330858634506,0.33987855504322867,0.6107109301597244,4.20248498152764e-36,True,0.2834521335630318,0.24575570439992672,0.2601436637267419,0.25060712569855775,0.23944599680391762,0.35086535143961445,0.5142387948337563
NWMT,3353,2.202490699043494,1.9749662597290276,0.22752443931446595,10.330324637160835,0.1931529555346538,0.26358525438424824,0.5837515683814304,3.0246061020179226e-21,True,0.2517254556835901,0.23778607172694619,0.16730212194617203,0.12604685926353595,0.10636810750359123,0.3707112643018109,0.37665715249139653
PSCO,3342,3.2407050087035603,2.9063660169342778,0.33433899176928256,10.316859784255229,0.28211781988277573,0.38189413562721874,0.5827044025157233,1.048515029898699e-20,True,0.41245992243636564,0.3189088925746914,0.22833580456628977,0.23796732783242294,0.2725247305019914,0.4866739999186336,0.4277357196359875
PACW,3155,3.225615282527298,2.9270496075032004,0.2985656750240976,9.25608446368002,0.24311741770147585,0.35706203781057405,0.5716158636512619,2.642192924278787e-15,True,0.4675525696805717,0.2710632146401225,0.23376136540039952,0.19805660494550148,0.13306440024686916,0.37255183633762995,0.4790678345782399
AZPS,3365,3.91173333856764,3.5671071171596087,0.34462622140803173,8.810064275348164,0.2735373992701972,0.4185217883534178,0.5608317815021726,5.324303918886572e-12,True,0.399751165488025,0.4269504192264771,0.29994848041293615,0.1322106796155081,0.040332466461802594,0.6019852718910809,0.5755142375494261
PSEI,2801,2.890083629605811,2.6489119798513694,0.2411716497544417,8.344798305623286,0.19853057263085597,0.2866040121211095,0.5816831683168316,8.944640902989574e-16,True,0.33786284486788304,0.2551134058151759,0.1688245968276746,0.11193900260914869,0.19486196023245986,0.33376700989390473,0.33156847553115754
PACE,3189,2.595077529838236,2.3854278324973808,0.20964969734085462,8.078745044427366,0.17239873069106212,0.24788574910377464,0.5713821138211382,2.535644179916754e-15,True,0.2293121827244384,0.16800599091266327,0.12326841078746677,0.21025214752278115,0.13645401152083583,0.3159598365096594,0.3220728662563262
IPCO,3357,2.925980256182476,2.70517119108446,0.22080906509801662,7.5464988060482,0.169384922789594,0.2730010310284671,0.573888541014402,6.884226606031763e-17,True,0.31578911449246233,0.15969195752554924,0.16434074500797222,0.15103870503859973,0.17464660137113064,0.22801050003064,0.3934461845411507
SCL,3336,2.296303491609577,2.1442797214779334,0.15202377013164314,6.620369245054938,0.1259546318814448,0.17652321582670358,0.5850727387729285,1.0412956519573982e-21,True,0.1368818761581117,0.09367108129726805,0.08962075231575209,0.1048506295058411,0.1604442772027675,0.23164450615158508,0.28024385928686635
NYIS,3400,2.3633487072217294,2.216864761045268,0.146483946176462,6.1981520428554715,0.11213583790997779,0.17905837481542905,0.5627139744786803,1.237217932201847e-12,True,0.19147533449059057,0.06199305739681945,0.024683611767615802,0.11565357051844002,0.10769813245304251,0.268212218795391,0.2923382460946722
ISNE,3380,3.55533339405166,3.3569701674631305,0.19836322658852867,5.579314359671733,0.15378500649191118,0.24216936450267043,0.5639121015165584,3.9324088552677696e-13,True,0.2747679792552655,0.0959035339307899,0.1093400931187233,0.1314369174600799,0.1740807535521655,0.30959390880119253,0.3362367784192422
TEPC,3274,5.660286123140526,5.537806419141357,0.12247970399916998,2.1638429813370266,0.04032141056249461,0.2097827413765025,0.5391527599486521,1.3289472402280687e-05,False,0.169177051904925,0.017657911022034723,-0.053285308444331714,-0.16386778317996778,0.02454269037704601,0.3794529978520047,0.6096582555204925
WACM,3307,2.8675741778619157,2.8244220519455134,0.043152125916402155,1.5048303283501003,0.005462220400409422,0.0815541704643581,0.5170003177629489,0.05880147238903117,False,-0.005195864786989052,-0.01506892662419843,0.01685349821757343,0.009626204176440622,0.015150930838521256,0.08799407222111143,0.22149980557750837
LDWP,3275,3.6501174430467334,3.6035383444577813,0.04657909858895232,1.2760986273930133,-0.007114337190586461,0.09902053960418986,0.5118110236220472,0.18907763228769803,False,0.052057063322034594,0.00036916879345501275,0.02536212026690881,-0.11510521135241425,-0.07637748814438157,0.3249137715407526,0.19427814169538818
CISO,3301,2.8171398034776005,3.028483903407676,-0.21134409993007547,-7.502080644673121,-0.26077156707172594,-0.1625006623412106,0.4306683322923173,4.46507123679606e-15,False,-0.09078996155508401,-0.2961274520121952,-0.3028500395151334,-0.33707345742997513,-0.34299055759571956,-0.0018678411607914443,-0.024552327246847038
WALC,3292,4.219211247747891,5.060598097186035,-0.8413868494381441,-19.94180428598486,-0.922395573573565,-0.760828101579942,0.3549206349206349,2.474892568588532e-60,False,-0.8317216066408515,-0.8722732033278574,-0.9591947119160037,-1.0077369455862444,-1.0635881875493105,-0.3488075344673914,-0.7288995096622254
