date,n_bas,label,median_err,share_of_bas
2026-03-10,12,,19.942716483925484,0.2857142857142857
2023-11-02,12,,15.817163647531778,0.27906976744186046
2020-12-03,11,,19.898480153710263,0.2558139534883721
2025-11-12,9,,20.487311007438922,0.20930232558139536
2025-06-09,9,,11.692671318305052,0.20930232558139536
2022-01-30,9,,20.157080129034853,0.21428571428571427
2020-03-29,8,,22.553723253290325,0.18604651162790697
2021-06-01,8,,12.347113136070188,0.18181818181818182
2024-12-04,8,,18.718431082309174,0.18604651162790697
2020-12-27,8,,27.984206808115452,0.18604651162790697
2019-11-02,8,,15.546142034629153,0.18604651162790697
2022-06-26,8,,11.513930309149313,0.18604651162790697
2023-05-13,8,,12.00943769719441,0.18604651162790697
2016-01-25,8,,25.099403215704037,0.19047619047619047
2019-10-11,8,,11.629448105509809,0.18604651162790697
2018-05-14,8,,10.900010515326002,0.18181818181818182
2020-03-28,7,,21.251189525164737,0.16279069767441862
2025-06-08,7,,13.20971067981516,0.16279069767441862
2025-06-10,7,,10.79874013769774,0.16279069767441862
2022-10-20,7,,16.80676981367643,0.16279069767441862
2019-10-12,7,,11.155504891970207,0.1590909090909091
2023-05-17,7,,14.206136569201336,0.16279069767441862
2026-01-16,7,,18.938915102975297,0.16279069767441862
2018-01-19,7,,26.502986992947204,0.16666666666666666
2020-10-26,7,,13.216406991626009,0.16279069767441862
2023-11-03,7,,19.844176001658944,0.16279069767441862
2019-10-01,6,,11.36111078028334,0.13636363636363635
2021-06-26,6,,11.817198801329766,0.13636363636363635
2023-11-01,6,,16.87330995207374,0.14285714285714285
2022-06-27,6,,11.330648855386013,0.13953488372093023
2026-03-21,6,,17.23439334892787,0.14285714285714285
2022-10-19,6,,16.19334146932882,0.13953488372093023
2021-06-13,6,,12.102191596363943,0.13636363636363635
2026-06-14,6,,11.915378936098184,0.14285714285714285
2019-11-01,6,,16.948935706798764,0.13636363636363635
2019-11-04,6,,17.036636968748326,0.13636363636363635
2023-07-05,6,,10.896046674341003,0.13953488372093023
2020-10-27,6,,12.658094904191852,0.14285714285714285
2023-05-16,6,,11.082820289216148,0.13953488372093023
2024-07-05,5,,11.142527723580725,0.11627906976744186
2020-11-11,5,Veterans Day,18.143097736407785,0.11904761904761904
2021-11-25,5,Thanksgiving,18.882162124709843,0.11627906976744186
2018-11-29,5,,21.23555747595246,0.11904761904761904
2022-01-23,5,,17.99409671797811,0.11627906976744186
2017-01-09,5,,21.643946706316694,0.11363636363636363
2017-11-23,5,Thanksgiving,14.689945809503,0.11627906976744186
2026-03-11,5,,24.63382694016174,0.11904761904761904
2022-01-24,5,,24.31219025853476,0.11627906976744186
2024-10-17,5,,16.847365079385245,0.11627906976744186
2020-05-26,5,,14.295491295248342,0.11627906976744186
2022-12-28,5,,18.915973299250663,0.11627906976744186
2019-11-10,5,,19.923493570469418,0.11363636363636363
2019-10-02,5,,8.999558272780877,0.11363636363636363
2018-01-07,5,,23.655905807167933,0.11627906976744186
2016-02-11,5,,23.891432097282838,0.11627906976744186
2016-01-20,5,,22.821573348915905,0.11627906976744186
2019-10-10,5,,10.484502305500108,0.11363636363636363
2019-11-03,5,,18.06470494081422,0.1282051282051282
2019-10-31,5,,12.234124632964727,0.11363636363636363
2023-01-16,5,MLK Day,21.81140658507308,0.11627906976744186
2021-06-05,5,,11.394385636592423,0.11363636363636363
2025-01-25,5,,23.098915315179287,0.11627906976744186
2022-12-27,5,,20.638135593846094,0.11627906976744186
2018-05-09,4,,12.269359352305358,0.09090909090909091
2021-05-22,4,,12.93545950587486,0.09090909090909091
2021-06-12,4,,12.360203325686724,0.09090909090909091
2021-06-02,4,,12.874768326011855,0.09090909090909091
2020-10-28,4,,17.62735814012037,0.0975609756097561
2020-12-09,4,,22.28491156954489,0.09302325581395349
2026-01-17,4,,23.40342764577671,0.09523809523809523
2018-11-17,4,,23.843641366787928,0.09302325581395349
2026-01-29,4,,22.8884948985436,0.09302325581395349
2021-06-21,4,,12.442854444976255,0.09090909090909091
2026-02-02,4,,22.155709780868534,0.09302325581395349
2025-11-11,4,Veterans Day,16.17443822798533,0.09302325581395349
2017-10-29,4,,14.746108941424836,0.09090909090909091
2022-01-31,4,,28.77101443553429,0.09523809523809523
2024-06-11,4,,12.400354378435198,0.09302325581395349
2023-10-30,4,,10.033553233628737,0.09302325581395349
2023-10-31,4,,12.31505046410966,0.09523809523809523
2026-02-14,4,,18.973400839877122,0.09302325581395349
2024-06-13,4,,12.647226776863203,0.09302325581395349
2026-02-03,4,,24.206695555319058,0.09523809523809523
2022-03-07,4,,15.812286746830369,0.09302325581395349
2020-03-22,4,,21.5745548031475,0.09302325581395349
2016-01-24,4,,21.95119810942864,0.09302325581395349
2020-05-08,4,,14.556710794218912,0.09302325581395349
2025-04-04,4,,17.660824478584303,0.09302325581395349
2022-05-30,4,Memorial Day,12.646811151069961,0.09302325581395349
2018-12-12,4,,21.769752050171,0.09523809523809523
2016-06-05,4,,12.0565739748338,0.09090909090909091
2016-06-04,4,,13.723103390906862,0.09090909090909091
2026-04-15,4,,18.44954992876445,0.09523809523809523
2023-04-30,4,,16.20132910858549,0.09302325581395349
2020-05-28,4,,13.037709473649528,0.09302325581395349
2025-05-28,4,,10.741106823841568,0.09302325581395349
2026-04-09,4,,16.172644091349966,0.09523809523809523
2017-01-10,4,,22.667533316173085,0.09090909090909091
2024-11-19,4,,16.27271956006766,0.09302325581395349
2016-02-08,4,,20.516698473829457,0.09302325581395349
2020-05-06,4,,17.206001007041287,0.09302325581395349
2019-11-13,4,,16.445343292103892,0.09090909090909091
2017-05-29,4,Memorial Day,11.3362208906393,0.09090909090909091
2023-01-15,4,,19.735382342906593,0.09302325581395349
2017-05-22,4,,12.372433425522075,0.09090909090909091
2022-12-25,4,Christmas Day,17.378297506971318,0.09302325581395349
2025-05-31,4,,13.67050833476064,0.09302325581395349
2025-02-16,4,,18.875727499118046,0.09302325581395349
2026-03-29,4,,14.811268902536735,0.09523809523809523
2020-03-15,4,,26.140401964311245,0.09302325581395349
2023-05-20,4,,12.77876136355375,0.09302325581395349
2020-06-05,4,,10.20893182780125,0.09302325581395349
2019-05-01,4,,17.634775583837083,0.09302325581395349
2022-03-06,4,,16.85631123328359,0.09302325581395349
2024-06-05,3,,10.535983604485716,0.06976744186046512
2020-04-28,3,,16.85946512239522,0.06976744186046512
2020-04-26,3,,18.23412023705421,0.06976744186046512
2020-04-29,3,,17.11109966089178,0.06976744186046512
2025-01-10,3,,20.33918929687309,0.06976744186046512
2020-04-25,3,,17.138609017670127,0.06976744186046512
2018-05-29,3,,11.059710715284425,0.06818181818181818
2021-05-31,3,Memorial Day,12.203538454371971,0.06818181818181818
2021-05-23,3,,14.126287679828039,0.06818181818181818
2018-05-28,3,Memorial Day,10.591001369749,0.06976744186046512
2018-05-26,3,,12.669522913760995,0.06976744186046512
2024-10-18,3,,19.55734316177723,0.06976744186046512
2020-12-19,3,,26.189281485930188,0.06976744186046512
2025-04-20,3,,16.68579718969895,0.06976744186046512
2020-06-03,3,,12.676310780979433,0.06976744186046512
2025-06-30,3,,10.91303728126154,0.07142857142857142
2020-09-11,3,,11.501246345588394,0.06976744186046512
2025-06-26,3,,12.948988719690949,0.06976744186046512
2025-06-21,3,,9.174503588974929,0.07142857142857142
2024-11-08,3,,17.890332569801522,0.06976744186046512
2019-04-24,3,,17.829273306840687,0.07142857142857142
2020-10-29,3,,11.097913946182587,0.06976744186046512
2020-11-12,3,,19.743175037167518,0.06976744186046512
2024-07-09,3,,11.173805344129763,0.06976744186046512
2020-11-25,3,,16.28565156639388,0.07142857142857142
2025-10-15,3,,9.991056987456533,0.06976744186046512
2020-06-02,3,,10.333085292163895,0.06976744186046512
2020-12-02,3,,25.72608549649677,0.06976744186046512
2020-05-27,3,,13.310385209932592,0.06976744186046512
2020-05-25,3,Memorial Day,11.630498776120008,0.06976744186046512
2025-04-28,3,,15.11379151529236,0.06976744186046512
2020-12-10,3,,21.143956201521316,0.06976744186046512
2020-12-28,3,,20.784488103235553,0.06976744186046512
2024-06-23,3,,12.250942817032605,0.06976744186046512
2024-06-22,3,,10.416894726792899,0.06976744186046512
2021-06-04,3,,9.40073811199089,0.06818181818181818
2021-06-14,3,,13.0257594688062,0.06818181818181818
2018-05-13,3,,16.101046840319277,0.06818181818181818
2017-05-23,3,,11.22581289259272,0.06818181818181818
2016-06-03,3,,13.508194658461207,0.06818181818181818
2026-05-17,3,,10.933095098917063,0.07317073170731707
2017-10-28,3,,14.697722010220637,0.06818181818181818
2017-10-03,3,,11.796126549730738,0.06818181818181818
2026-05-12,3,,12.670806886837473,0.07142857142857142
2021-10-16,3,,14.106845823451621,0.06976744186046512
2021-11-05,3,,13.38705800662818,0.06976744186046512
2026-03-16,3,,18.086496637836014,0.06976744186046512
2016-06-19,3,,12.629525895923935,0.06818181818181818
2023-06-06,3,,12.438759060733,0.06976744186046512
2017-06-19,3,,12.073075410466332,0.06818181818181818
2022-06-25,3,,12.928947086796775,0.06976744186046512
2017-06-11,3,,9.452202895646094,0.06818181818181818
2023-05-18,3,,11.890881469799686,0.07142857142857142
2026-05-18,3,,10.671280752889968,0.07142857142857142
2022-06-10,3,,11.270502310501335,0.06976744186046512
2023-04-28,3,,17.956435041379823,0.06976744186046512
2016-10-08,3,,30.784924316596967,0.06818181818181818
2025-12-29,3,,18.319508245695147,0.06976744186046512
2022-05-25,3,,12.264580561394018,0.06976744186046512
2026-03-27,3,,17.78896258217663,0.07142857142857142
2023-05-15,3,,11.593181193434408,0.06976744186046512
2023-05-14,3,,12.086429207313204,0.06976744186046512
2016-12-19,3,,19.31169623332546,0.06818181818181818
2016-12-21,3,,16.26415617534581,0.06818181818181818
2017-01-31,3,,19.173920751278054,0.06976744186046512
2022-05-14,3,,13.267544160080044,0.06976744186046512
2022-05-15,3,,11.553722427139117,0.06976744186046512
2023-10-29,3,,11.837063912517227,0.06976744186046512
2021-09-26,3,,17.89486588921612,0.06976744186046512
2022-11-19,3,,15.154978081393999,0.06976744186046512
2016-03-20,3,,18.830892396301937,0.07317073170731707
2021-06-22,3,,9.996388197454904,0.06818181818181818
2023-01-17,3,,19.86933981280219,0.07142857142857142
2021-06-17,3,,9.938640938119416,0.06818181818181818
2021-06-15,3,,13.998253112777212,0.06976744186046512
2018-01-18,3,,19.531579176208965,0.07317073170731707
2026-06-05,3,,10.329168468228776,0.07142857142857142
2026-02-04,3,,20.748987040510602,0.07142857142857142
2024-01-22,3,,20.360291344206086,0.06976744186046512
2016-03-13,3,,10.71737311021983,0.08333333333333333
2022-10-21,3,,16.23168461989087,0.06976744186046512
2018-01-05,3,,19.55324056548935,0.06976744186046512
2022-12-29,3,,16.84305609714358,0.06976744186046512
2018-05-11,3,,15.238419148314,0.06818181818181818
2022-12-23,3,,17.39283628040709,0.06976744186046512
2021-06-09,3,,14.099435494983123,0.06818181818181818
2026-05-28,3,,8.976828590975106,0.07142857142857142
2022-11-21,3,,15.209041609744093,0.06976744186046512
2021-07-06,3,,12.263642049310892,0.06818181818181818
2018-01-04,3,,19.744631446240138,0.07142857142857142
2022-12-15,2,,12.093081565339123,0.046511627906976744
2020-02-23,2,,17.82498546441537,0.046511627906976744
2020-05-17,2,,12.900394324242818,0.046511627906976744
2020-05-09,2,,16.177136454272013,0.046511627906976744
2023-04-29,2,,15.52115537022372,0.047619047619047616
2020-03-14,2,,25.4002979818561,0.046511627906976744
2022-05-31,2,,11.497883854203266,0.046511627906976744
2020-05-10,2,,10.936974849231866,0.046511627906976744
2020-04-04,2,,20.775617621591035,0.046511627906976744
2020-05-07,2,,14.924627146805221,0.046511627906976744
2022-07-11,2,,13.86971662399937,0.046511627906976744
2022-09-21,2,,13.629503806390474,0.046511627906976744
2022-09-22,2,,9.950546496710963,0.046511627906976744
2020-03-27,2,,21.20754497427984,0.046511627906976744
2020-03-21,2,,24.055068584264557,0.046511627906976744
2024-11-16,2,,25.65869684795487,0.046511627906976744
2022-07-12,2,,10.423037293630653,0.047619047619047616
2022-11-04,2,,13.045068530497522,0.046511627906976744
2020-05-05,2,,14.868731043593549,0.046511627906976744
2023-04-27,2,,18.91441839195032,0.046511627906976744
2022-06-13,2,,11.761228692089528,0.046511627906976744
2020-04-24,2,,12.805229303315237,0.046511627906976744
2022-06-11,2,,11.413931240841476,0.047619047619047616
2020-05-02,2,,16.148095303533598,0.046511627906976744
2022-11-20,2,,11.468193146779532,0.046511627906976744
2023-05-03,2,,9.968708814576425,0.046511627906976744
2020-07-05,2,,9.697457598065022,0.046511627906976744
2022-05-19,2,,11.235238878595439,0.046511627906976744
2022-05-18,2,,14.835914762594829,0.046511627906976744
2020-12-01,2,,20.378089671382874,0.047619047619047616
2021-08-18,2,,12.0196600058221,0.045454545454545456
2021-08-17,2,,11.477834391231802,0.045454545454545456
2021-08-08,2,,13.220791057548592,0.045454545454545456
2023-11-04,2,,19.463784548377312,0.04878048780487805
2021-07-23,2,,18.955130390104628,0.045454545454545456
2024-06-25,2,,11.877903368370827,0.046511627906976744
2023-11-30,2,,22.49927289851409,0.046511627906976744
2024-01-21,2,,18.1357979429053,0.046511627906976744
2021-04-03,2,,17.922058164221955,0.046511627906976744
2021-04-04,2,,17.843478916467333,0.045454545454545456
2024-06-12,2,,8.854826423462875,0.046511627906976744
2024-06-06,2,,12.182610893895685,0.046511627906976744
2021-05-05,2,,15.53311796772681,0.045454545454545456
2024-06-03,2,,11.390374284951427,0.046511627906976744
2021-05-12,2,,14.58550686108552,0.045454545454545456
2021-06-25,2,,11.608290282431692,0.045454545454545456
2024-05-14,2,,16.507933587361975,0.046511627906976744
2024-05-10,2,,8.222855890863556,0.046511627906976744
2024-02-28,2,,18.284625300754936,0.046511627906976744
2021-06-08,2,,17.03909758315876,0.047619047619047616
2023-10-28,2,,9.581364268219293,0.046511627906976744
2024-07-07,2,,11.593283758898448,0.046511627906976744
2020-11-10,2,,15.63128391650346,0.046511627906976744
2020-08-04,2,,11.41238124631203,0.046511627906976744
2022-05-11,2,,11.100471707309037,0.046511627906976744
2024-11-14,2,,15.372705400756331,0.047619047619047616
2020-06-09,2,,13.353756845549446,0.046511627906976744
2022-04-25,2,,17.90069462678658,0.046511627906976744
2022-04-24,2,,17.618155341892937,0.046511627906976744
2024-11-09,2,,15.023876404189203,0.046511627906976744
2024-11-05,2,,12.960066389364673,0.046511627906976744
2020-07-11,2,,12.991768631948254,0.047619047619047616
2020-07-12,2,,15.93311751568022,0.046511627906976744
2024-10-19,2,,18.588822339942098,0.046511627906976744
2021-10-13,2,,22.4724501012362,0.046511627906976744
2022-03-12,2,,21.14757155518118,0.046511627906976744
2020-09-07,2,Labor Day,9.901594682395315,0.046511627906976744
2020-09-08,2,,14.601655288446606,0.046511627906976744
2020-09-09,2,,14.090345662016095,0.046511627906976744
2020-09-10,2,,10.84663313542707,0.046511627906976744
2023-05-19,2,,9.708903510995679,0.046511627906976744
2023-05-29,2,Memorial Day,10.717185216399056,0.046511627906976744
2024-09-27,2,,69.78291447167736,0.046511627906976744
2021-11-24,2,,14.887274448289144,0.046511627906976744
2020-02-15,2,,15.141843840582174,0.046511627906976744
2025-01-19,2,,21.153782252135493,0.046511627906976744
2018-05-10,2,,16.681877292534246,0.045454545454545456
2016-06-11,2,,11.729660232001017,0.04878048780487805
2017-04-17,2,,20.62946765154551,0.045454545454545456
2025-06-16,2,,11.660535045645013,0.047619047619047616
2025-06-15,2,,11.978147119311565,0.046511627906976744
2016-06-26,2,,12.376837733214145,0.046511627906976744
2018-05-20,2,,12.907805248956475,0.045454545454545456
2016-06-20,2,,10.846070830733371,0.045454545454545456
2016-06-18,2,,11.7465814456122,0.045454545454545456
2025-12-16,2,,16.717306282759047,0.04878048780487805
2026-05-08,2,,19.87769268805073,0.04878048780487805
2025-09-26,2,,16.722611088683884,0.046511627906976744
2017-05-17,2,,10.063062590973383,0.046511627906976744
2025-05-30,2,,16.262369237513546,0.046511627906976744
2018-10-16,2,,16.238721404997577,0.046511627906976744
2026-03-25,2,,14.804841522597961,0.046511627906976744
2026-03-24,2,,13.130028182340343,0.047619047619047616
2017-05-30,2,,12.701652558755594,0.047619047619047616
2025-06-18,2,,16.417526187182684,0.047619047619047616
2018-05-24,2,,9.426566491296132,0.046511627906976744
2019-06-10,2,,14.024025361262666,0.046511627906976744
2018-11-11,2,Veterans Day,16.124067137666227,0.047619047619047616
2018-11-16,2,,24.55357515465074,0.047619047619047616
2018-11-18,2,,17.121385161868936,0.046511627906976744
2017-09-10,2,,35.29045300485906,0.045454545454545456
2017-09-11,2,,20.726648085241685,0.046511627906976744
2025-07-13,2,,14.433509143154753,0.046511627906976744
2017-03-16,2,,19.979327711855028,0.045454545454545456
2026-04-08,2,,12.144285218746447,0.047619047619047616
2017-03-17,2,,17.88143414948313,0.045454545454545456
2025-06-19,2,Juneteenth,17.68199863724409,0.047619047619047616
2018-11-30,2,,21.384047712146092,0.047619047619047616
2016-12-20,2,,84.21129421613932,0.045454545454545456
2025-07-31,2,,11.253863479016108,0.047619047619047616
2017-09-22,2,,11.97372893471217,0.045454545454545456
2016-11-21,2,,22.898065970090784,0.046511627906976744
2026-03-30,2,,13.538626745278185,0.046511627906976744
2025-08-18,2,,11.270275114530353,0.046511627906976744
2026-02-06,2,,19.19224873617729,0.046511627906976744
2018-05-08,2,,13.088137552908947,0.045454545454545456
2019-06-11,2,,12.882269545909883,0.046511627906976744
2015-11-17,2,,17.284022174545523,0.046511627906976744
2017-12-14,2,,18.90459990048113,0.047619047619047616
2019-10-18,2,,14.52154764479853,0.045454545454545456
2026-01-30,2,,23.649301174878975,0.047619047619047616
2019-10-25,2,,14.596973387597261,0.045454545454545456
2026-06-11,2,,15.807887857939896,0.04878048780487805
2025-03-02,2,,13.355815847345639,0.046511627906976744
2026-02-01,2,,17.871814463438668,0.046511627906976744
2018-01-20,2,,22.41637676907561,0.047619047619047616
2026-05-19,2,,14.86668204215357,0.047619047619047616
2018-01-12,2,,15.401842620366473,0.047619047619047616
2019-11-06,2,,16.841155332134623,0.046511627906976744
2019-11-09,2,,17.812521914130578,0.045454545454545456
2026-03-19,2,,19.389227767391443,0.05
2019-11-14,2,,18.275488117997575,0.047619047619047616
2018-01-06,2,,22.72491973741903,0.046511627906976744
2026-06-23,2,,10.574897840219968,0.047619047619047616
2025-10-30,2,,15.717115971310573,0.046511627906976744
2018-07-06,2,,11.125957444864898,0.05405405405405406
2025-10-14,2,,9.162662937576957,0.04878048780487805
2016-03-12,2,,17.446595287388284,0.046511627906976744
2025-05-11,2,,17.087285606798314,0.046511627906976744
2026-05-22,2,,8.147494150592198,0.04878048780487805
2018-05-07,2,,16.432725627026606,0.045454545454545456
2017-06-07,2,,12.142590341980254,0.045454545454545456
2025-04-19,2,,18.961871926420052,0.046511627906976744
2018-06-17,2,,10.31604553178289,0.046511627906976744
2025-04-16,2,,12.78142689677562,0.046511627906976744
2025-04-14,2,,14.8940931728585,0.046511627906976744
2018-11-15,2,,22.14151916462462,0.046511627906976744
2026-06-04,2,,9.46076067653036,0.047619047619047616
2025-04-11,2,,17.018315766119876,0.046511627906976744
2019-09-30,2,,7.994971487452032,0.045454545454545456
2018-09-19,2,,18.190825703406137,0.047619047619047616
2017-12-09,2,,14.087264136399183,0.046511627906976744
2023-06-04,1,,16.511384736283794,0.023255813953488372
2023-06-19,1,Juneteenth,12.909474017288808,0.023255813953488372
2023-07-04,1,Independence Day,11.57353618644422,0.023255813953488372
2023-06-12,1,,12.613053881397216,0.023809523809523808
2026-03-17,1,,13.320128446273296,0.024390243902439025
2023-09-30,1,,12.645287107695916,0.023255813953488372
2026-03-15,1,,24.866587881506565,0.023255813953488372
2023-07-14,1,,9.775215320041985,0.023255813953488372
2026-02-07,1,,16.589761988282838,0.023255813953488372
2023-11-18,1,,7.474802581953881,0.023255813953488372
2026-02-08,1,Super Bowl Sunday,16.55897386170614,0.023255813953488372
2026-02-10,1,,19.473096792805357,0.023255813953488372
2026-02-11,1,,20.03336068752595,0.023255813953488372
2026-02-12,1,,18.703443686181622,0.023255813953488372
2026-02-25,1,,18.839048447418747,0.023255813953488372
2026-03-03,1,,38.125262670580575,0.023809523809523808
2026-03-04,1,,18.566908870754293,0.023255813953488372
2026-03-06,1,,20.5002103388545,0.023255813953488372
2026-03-07,1,,21.89386399494513,0.023809523809523808
2026-03-08,1,,25.83217639274264,0.02631578947368421
2023-10-14,1,,10.33304305191534,0.023255813953488372
2023-10-13,1,,10.66489088828311,0.023255813953488372
2023-10-09,1,Columbus Day,20.361370907736422,0.023255813953488372
2023-06-01,1,,9.400716921814572,0.023255813953488372
2023-09-15,1,,13.109028970037361,0.023255813953488372
2026-03-09,1,,20.394972163408006,0.023255813953488372
2023-09-03,1,,11.98693507214877,0.023255813953488372
2023-09-01,1,,18.014536125093443,0.023255813953488372
2023-08-23,1,,17.911696838137985,0.023255813953488372
2026-03-12,1,,23.661592389335976,0.023255813953488372
2023-08-07,1,,6.9270848704516625,0.023809523809523808
2023-07-16,1,,10.155750682068192,0.023255813953488372
2026-03-13,1,,26.67043440390356,0.023809523809523808
2023-06-03,1,,8.039326733603387,0.023809523809523808
2026-04-03,1,,45.4382851843151,0.023809523809523808
2026-03-18,1,,19.916941133152047,0.023809523809523808
2023-05-30,1,,10.031849569431579,0.023255813953488372
2023-04-08,1,,14.27778249542852,0.023255813953488372
2023-03-26,1,,11.248270075750504,0.023255813953488372
2023-03-25,1,,9.748310082510642,0.023255813953488372
2023-03-23,1,,7.306606056209556,0.023809523809523808
2023-03-16,1,,20.904796350858398,0.023255813953488372
2023-03-14,1,,7.126698122328583,0.023255813953488372
2023-03-11,1,,13.264830687224286,0.023255813953488372
2023-03-03,1,,24.04008813057161,0.023809523809523808
2023-03-02,1,,42.471720417352685,0.023255813953488372
2026-05-29,1,,7.9687460677558315,0.024390243902439025
2026-06-03,1,,19.679841849622594,0.023809523809523808
2023-03-01,1,,39.65012074757157,0.023255813953488372
2023-02-28,1,,52.145258167683075,0.023255813953488372
2023-02-27,1,,21.537036110052586,0.023255813953488372
2023-02-25,1,,9.153478148413582,0.023255813953488372
2026-06-06,1,,14.496399541168694,0.023809523809523808
2026-06-07,1,,18.06890836990883,0.023809523809523808
2026-06-10,1,,17.99436705378309,0.023809523809523808
2026-06-12,1,,9.278227472815402,0.023809523809523808
2026-06-13,1,,11.616872279167028,0.023809523809523808
2023-01-09,1,,8.469146681645123,0.023255813953488372
2026-06-16,1,,12.810716752332238,0.023809523809523808
2026-06-22,1,,17.2990690184887,0.023809523809523808
2023-04-17,1,,11.702425209498012,0.023255813953488372
2023-04-22,1,,16.102694785158192,0.023255813953488372
2026-05-11,1,,12.270020180474983,0.023809523809523808
2026-04-05,1,,20.04537211749788,0.024390243902439025
2026-03-20,1,,27.214243279373978,0.023809523809523808
2026-03-22,1,,20.644215870602597,0.024390243902439025
2026-03-23,1,,19.584289502403927,0.023809523809523808
2023-05-21,1,,9.519738213122148,0.023809523809523808
2026-03-26,1,,24.22673230269012,0.024390243902439025
2026-03-31,1,,17.332730959138285,0.023809523809523808
2026-04-02,1,,22.33050971795297,0.023809523809523808
2023-05-08,1,,20.446733977145527,0.023255813953488372
2026-04-04,1,,27.789901928186683,0.023809523809523808
2023-05-07,1,,21.55369429257018,0.023255813953488372
2026-04-07,1,,20.445671219156658,0.023809523809523808
2023-04-23,1,,11.381062504770386,0.023255813953488372
2023-05-06,1,,11.510161100391002,0.023255813953488372
2026-04-12,1,,12.387818195137392,0.023809523809523808
2026-04-13,1,,19.350071515387533,0.023809523809523808
2026-04-18,1,,31.551678107927966,0.023809523809523808
2026-05-01,1,,13.669633841493164,0.023809523809523808
2026-05-02,1,,17.606187342534373,0.023809523809523808
2026-05-03,1,,16.0836826990558,0.023809523809523808
2026-05-06,1,,26.45186446063303,0.023809523809523808
2026-05-07,1,,19.600400788393934,0.023809523809523808
2026-05-09,1,,17.296188804978893,0.023809523809523808
2024-01-05,1,,135.67856497155157,0.023255813953488372
2025-01-20,1,MLK Day,26.061354840400725,0.023255813953488372
2024-01-16,1,,20.078077541710357,0.023255813953488372
2025-06-22,1,,11.83009274483003,0.023255813953488372
2025-06-01,1,,10.515332465706985,0.023255813953488372
2025-06-05,1,,13.872143968928322,0.023255813953488372
2024-11-10,1,,19.61051506225163,0.023255813953488372
2025-06-07,1,,14.761431584066484,0.023809523809523808
2025-06-11,1,,13.746114441553853,0.023255813953488372
2025-06-14,1,,24.887442742434708,0.023255813953488372
2024-11-07,1,,17.615753397014885,0.023809523809523808
2024-11-04,1,,13.003876595478395,0.023809523809523808
2025-06-17,1,,17.60503476198021,0.023255813953488372
2024-11-02,1,,11.282168853704693,0.024390243902439025
2024-10-31,1,,11.640137228819313,0.023255813953488372
2025-06-20,1,,18.50429442339559,0.023255813953488372
2025-06-23,1,,11.407720871414849,0.023255813953488372
2025-05-29,1,,11.30822813277349,0.023255813953488372
2025-06-24,1,,12.552970506620479,0.023255813953488372
2025-06-28,1,,8.981298421689115,0.023255813953488372
2025-06-29,1,,12.29063334354179,0.023255813953488372
2025-07-02,1,,31.2761221714913,0.023255813953488372
2024-10-16,1,,21.610413031632213,0.023255813953488372
2024-10-14,1,Columbus Day,14.563582239815535,0.023255813953488372
2024-10-09,1,,27.55025965669231,0.023809523809523808
2025-07-05,1,,9.573514930601656,0.023255813953488372
2024-09-05,1,,13.496613639834607,0.023255813953488372
2024-09-03,1,,22.455918607194803,0.023255813953488372
2025-07-06,1,,12.894440794666414,0.023255813953488372
2025-07-11,1,,10.910252625182055,0.023255813953488372
2024-11-15,1,,17.53449705445351,0.023255813953488372
2025-05-24,1,,13.738411596401894,0.023255813953488372
2026-02-05,1,,19.237559764651735,0.023255813953488372
2025-03-13,1,,11.446509528965708,0.023255813953488372
2025-01-22,1,,17.779636969781677,0.023255813953488372
2025-01-17,1,,17.783469175275084,0.023255813953488372
2025-02-21,1,,14.610003866841934,0.023255813953488372
2025-01-08,1,,23.336146500328514,0.023255813953488372
2025-02-22,1,,14.981149299081334,0.023255813953488372
2025-02-23,1,,22.12381871879077,0.023255813953488372
2025-01-06,1,,14.489098063289473,0.023255813953488372
2025-03-05,1,,15.155479385355783,0.023255813953488372
2024-12-24,1,Christmas Eve,16.81177473128693,0.023255813953488372
2024-12-11,1,,19.19112505130168,0.023809523809523808
2024-12-08,1,,21.61000060042911,0.023255813953488372
2024-12-07,1,,15.953725648265815,0.023255813953488372
2025-03-16,1,,14.474863500082463,0.023255813953488372
2024-11-17,1,,27.202999402893198,0.023255813953488372
2025-04-10,1,,15.530765582159004,0.023255813953488372
2024-12-05,1,,22.245096467769507,0.023255813953488372
2025-04-12,1,,17.608937506743096,0.023255813953488372
2025-04-13,1,,19.104076034572586,0.023255813953488372
2024-11-24,1,,14.50525009762286,0.023809523809523808
2025-04-17,1,,12.77154239817508,0.023809523809523808
2025-04-27,1,,15.87000417172055,0.023809523809523808
2025-05-09,1,,18.079519229658324,0.023255813953488372
2025-05-10,1,,17.061549652948262,0.023255813953488372
2024-11-18,1,,16.326384386195716,0.023255813953488372
2025-05-12,1,,13.633602082898205,0.023255813953488372
2025-05-22,1,,11.572201780341146,0.023255813953488372
2024-07-22,1,,15.29816035024556,0.023255813953488372
2024-07-16,1,,11.634917664663549,0.023255813953488372
2025-07-16,1,,6.957147862518616,0.023255813953488372
2025-12-28,1,,23.234451168962188,0.023255813953488372
2024-05-13,1,,54.496786298366594,0.023255813953488372
2025-12-10,1,,17.91290181172184,0.023255813953488372
2024-05-05,1,,15.790116138638414,0.023255813953488372
2024-05-02,1,,10.329855925174046,0.023255813953488372
2024-04-30,1,,17.66145049338876,0.023255813953488372
2024-04-29,1,,10.181371689656121,0.023255813953488372
2024-04-25,1,,13.46409438784652,0.023255813953488372
2025-12-14,1,,19.65559723491744,0.023255813953488372
2024-04-23,1,,16.14885617810723,0.023255813953488372
2024-04-22,1,,17.187794278831806,0.023255813953488372
2025-12-27,1,,13.368775757706395,0.023255813953488372
2024-04-02,1,,22.91030584366036,0.023255813953488372
2025-01-21,1,,27.93765488834695,0.023255813953488372
2024-07-10,1,,14.933978481234458,0.023255813953488372
2024-03-30,1,,11.903479440198454,0.023255813953488372
2024-03-12,1,,12.096613468623667,0.024390243902439025
2024-03-07,1,,19.15354480406089,0.023809523809523808
2026-01-01,1,New Year's Day,19.850501055841182,0.023255813953488372
2026-01-02,1,,15.926294010557132,0.023255813953488372
2026-01-04,1,,14.678458519060108,0.023255813953488372
2026-01-05,1,,17.37680339287894,0.023255813953488372
2026-01-20,1,,19.729227891409508,0.023809523809523808
2024-02-25,1,,12.303615110728826,0.023255813953488372
2026-01-26,1,,20.601393460121763,0.023255813953488372
2024-02-19,1,Presidents' Day,16.25411964055484,0.023255813953488372
2024-01-23,1,,30.941457869614513,0.023255813953488372
2025-11-21,1,,13.473575367153218,0.023255813953488372
2025-11-10,1,,22.10027106029309,0.023255813953488372
2024-05-16,1,,13.974559965170243,0.023255813953488372
2024-05-19,1,,8.22929852892166,0.023255813953488372
2024-07-08,1,,10.723962617959385,0.023255813953488372
2025-07-22,1,,13.716108387627134,0.023809523809523808
2024-07-06,1,,8.175088751303946,0.023255813953488372
2025-08-25,1,,12.226254670586556,0.023255813953488372
2025-09-05,1,,12.197544845736639,0.023255813953488372
2024-07-03,1,,13.402720601366767,0.023255813953488372
2025-10-04,1,,9.542684138568685,0.023255813953488372
2024-07-01,1,,14.930834883611416,0.024390243902439025
2024-06-30,1,,16.12144085977386,0.023809523809523808
2025-10-08,1,,12.531816222903643,0.023255813953488372
2025-10-09,1,,12.284160901853898,0.023255813953488372
2025-10-10,1,,12.478188690230862,0.023255813953488372
2025-10-12,1,,12.189988282201607,0.023809523809523808
2024-06-21,1,,10.293425876299423,0.023255813953488372
2024-06-18,1,,11.598513295778446,0.023255813953488372
2025-10-16,1,,11.442813500694877,0.023255813953488372
2025-10-24,1,,14.338932263357979,0.023809523809523808
2024-06-17,1,,13.771915532472958,0.023255813953488372
2025-10-25,1,,13.881591340962876,0.023255813953488372
2024-06-08,1,,10.962237670147694,0.023255813953488372
2025-10-31,1,,23.134553397331928,0.023255813953488372
2024-06-04,1,,21.165562437104963,0.023255813953488372
2025-11-02,1,,22.17075771881836,0.02631578947368421
2025-11-03,1,,23.64017075146063,0.023255813953488372
2024-05-28,1,,10.211606270341694,0.023255813953488372
2015-07-28,1,,27.908339710695433,0.02702702702702703
2021-08-06,1,,12.060370004379417,0.022727272727272728
2022-12-22,1,,20.43280346068376,0.023255813953488372
2018-08-03,1,,13.991990039848432,0.023809523809523808
2018-08-26,1,,10.366890026884134,0.023809523809523808
2018-09-14,1,,21.935122343583473,0.023809523809523808
2018-09-21,1,,12.572939103418088,0.023809523809523808
2018-09-28,1,,16.849988348613852,0.023255813953488372
2018-10-07,1,,12.210840421599212,0.023255813953488372
2018-10-08,1,Columbus Day,27.771063990169036,0.023255813953488372
2018-10-13,1,,16.58665758741272,0.023255813953488372
2018-10-18,1,,14.148803284237632,0.023255813953488372
2018-10-19,1,,11.296232210611784,0.023255813953488372
2018-10-20,1,,10.00685376887831,0.023255813953488372
2018-10-22,1,,18.44140410750933,0.023255813953488372
2018-10-24,1,,10.8652628326487,0.023255813953488372
2018-10-27,1,,10.818981628635138,0.023255813953488372
2018-11-13,1,,29.396310763461724,0.023255813953488372
2018-11-14,1,,16.108671576230186,0.023809523809523808
2018-11-22,1,Thanksgiving,15.586866947773407,0.023255813953488372
2018-11-24,1,,44.19218064428789,0.023255813953488372
2018-08-13,1,,45.59701479111598,0.023809523809523808
2018-08-01,1,,10.928260169143604,0.024390243902439025
2018-12-01,1,,25.129679327191752,0.023255813953488372
2018-07-12,1,,11.943980766816956,0.025
2018-05-02,1,,7.747791833519065,0.022727272727272728
2018-05-03,1,,10.403806701373325,0.023809523809523808
2018-05-04,1,,15.777346232166995,0.022727272727272728
2018-05-06,1,,10.71499700180018,0.023255813953488372
2018-05-12,1,,15.847861697145646,0.022727272727272728
2018-05-15,1,,6.980743057514281,0.023255813953488372
2018-05-16,1,,8.202882463257893,0.023255813953488372
2018-05-17,1,,12.108382472899805,0.022727272727272728
2018-05-25,1,,11.525110522700167,0.023255813953488372
2018-05-27,1,,10.54317984642326,0.022727272727272728
2018-06-02,1,,29.069395640862712,0.023255813953488372
2018-06-03,1,,18.736787250286547,0.023255813953488372
2018-06-04,1,,10.153804173860346,0.023255813953488372
2018-06-08,1,,19.51928464454981,0.023809523809523808
2018-06-12,1,,22.38184453195858,0.023809523809523808
2018-06-13,1,,10.468088622816895,0.023255813953488372
2018-06-30,1,,16.196290744355267,0.02857142857142857
2018-11-28,1,,46.17140529791029,0.023255813953488372
2019-01-01,1,New Year's Day,9.956773023051229,0.023809523809523808
2018-04-24,1,,19.226526730647382,0.022727272727272728
2019-04-30,1,,15.006141424680402,0.023255813953488372
2019-05-08,1,,13.890449562050348,0.023255813953488372
2019-05-09,1,,16.554670777473255,0.022727272727272728
2019-05-10,1,,16.769668095965795,0.023255813953488372
2019-05-27,1,Memorial Day,6.980865881657136,0.023809523809523808
2019-06-03,1,,11.795384024195737,0.023255813953488372
2019-06-09,1,,9.74707645396359,0.022727272727272728
2019-06-12,1,,11.52198826698918,0.022727272727272728
2019-06-15,1,,16.993282234015165,0.022727272727272728
2019-06-20,1,,10.689830156951627,0.022727272727272728
2019-06-26,1,,10.022529099561249,0.022727272727272728
2019-06-28,1,,12.253894499039392,0.022727272727272728
2019-07-06,1,,9.584244426111386,0.022727272727272728
2019-07-19,1,,12.26868012333667,0.022727272727272728
2019-08-10,1,,7.282482088820765,0.023255813953488372
2019-08-23,1,,9.934530668708113,0.023255813953488372
2019-09-10,1,,17.76063631163581,0.022727272727272728
2019-09-11,1,,10.479033349393612,0.022727272727272728
2019-05-02,1,,19.967345066222656,0.023255813953488372
2019-04-27,1,,29.78280850757095,0.023255813953488372
2019-01-10,1,,12.461193620216154,0.022727272727272728
2019-04-26,1,,29.655245819255256,0.023255813953488372
2019-02-06,1,,10.941483141885948,0.022727272727272728
2019-02-07,1,,24.94970651517171,0.022727272727272728
2019-02-14,1,,17.930621422586757,0.022727272727272728
2019-02-19,1,,13.604792552035702,0.022727272727272728
2019-02-26,1,,28.339861539838296,0.022727272727272728
2019-03-03,1,,33.33965943385005,0.022727272727272728
2019-03-10,1,,8.978571132768394,0.03225806451612903
2019-03-12,1,,36.70445745071385,0.023255813953488372
2019-03-17,1,,18.893172010457917,0.022727272727272728
2019-03-25,1,,25.89317859634295,0.022727272727272728
2019-04-09,1,,13.462396808665098,0.023255813953488372
2019-04-11,1,,10.47430668719998,0.023255813953488372
2019-04-16,1,,12.206331383741997,0.023255813953488372
2019-04-19,1,,43.076492323602814,0.023809523809523808
2019-04-20,1,,28.604029834383493,0.023255813953488372
2019-04-22,1,,6.227980852723596,0.023255813953488372
2019-04-25,1,,21.992243468866125,0.023255813953488372
2018-04-26,1,,12.216150181995282,0.022727272727272728
2018-04-10,1,,16.26728299200428,0.022727272727272728
2022-12-16,1,,9.557749373668328,0.023255813953488372
2016-06-10,1,,7.766054635443427,0.022727272727272728
2016-07-20,1,,12.29874435864065,0.023255813953488372
2016-08-29,1,,22.953434575553246,0.022727272727272728
2016-09-11,1,,9.0087347045682,0.023255813953488372
2016-09-16,1,,14.382217846626341,0.022727272727272728
2016-10-07,1,,32.03611485590817,0.022727272727272728
2016-11-22,1,,26.123885126719042,0.023255813953488372
2016-12-01,1,,17.34466988542247,0.022727272727272728
2016-12-04,1,,17.35773753454999,0.023255813953488372
2016-12-13,1,,95.45355870103457,0.022727272727272728
2016-12-31,1,New Year's Eve,22.06165300302354,0.023255813953488372
2017-01-07,1,,14.051633588262852,0.023255813953488372
2017-01-08,1,,14.869677478153957,0.022727272727272728
2017-01-13,1,,12.441304938073552,0.023255813953488372
2017-01-14,1,,8.12028619735428,0.022727272727272728
2017-01-17,1,,11.471425851123346,0.023809523809523808
2017-02-15,1,,6.400613727728563,0.022727272727272728
2017-03-08,1,,41.01444743907403,0.023255813953488372
2016-06-21,1,,13.703776585755442,0.022727272727272728
2016-06-06,1,,11.537091792047432,0.023255813953488372
2017-03-20,1,,17.550720613187156,0.022727272727272728
2016-06-02,1,,17.168417668126796,0.023255813953488372
2015-09-16,1,,9.319785726660518,0.023809523809523808
2015-09-30,1,,16.3137043300191,0.023255813953488372
2015-10-05,1,,13.566241575096901,0.023255813953488372
2015-10-31,1,,17.866351471323043,0.024390243902439025
2015-11-05,1,,12.94954124441394,0.022727272727272728
2015-11-20,1,,6.830925914450026,0.022727272727272728
2015-11-26,1,Thanksgiving,7.532881229535783,0.022727272727272728
2015-12-20,1,,15.679312763731229,0.024390243902439025
2016-01-07,1,,14.667265954040316,0.023255813953488372
2016-01-10,1,,14.661459629667432,0.024390243902439025
2016-01-12,1,,22.346015720330207,0.022727272727272728
2016-03-14,1,,15.183133782889369,0.023809523809523808
2016-03-18,1,,18.968434791604682,0.022727272727272728
2016-03-24,1,,20.379462822241045,0.022727272727272728
2016-04-18,1,,8.038341994090526,0.022727272727272728
2016-05-28,1,,10.693963920409072,0.022727272727272728
2016-05-31,1,,16.955648035388542,0.022727272727272728
2017-03-09,1,,32.43242733698406,0.024390243902439025
2017-04-08,1,,41.05142759288311,0.022727272727272728
2018-04-07,1,,9.731972838968076,0.022727272727272728
2017-10-31,1,,15.276036861867476,0.023255813953488372
2017-11-12,1,,20.710636521519106,0.023255813953488372
2017-11-16,1,,15.038873236739947,0.023255813953488372
2017-11-17,1,,24.134227082357693,0.023255813953488372
2017-11-18,1,,21.023125104669973,0.023255813953488372
2017-11-25,1,,14.932955719244953,0.023255813953488372
2017-12-08,1,,13.455677904699806,0.023255813953488372
2017-12-11,1,,21.865196693755625,0.023255813953488372
2017-12-12,1,,16.52037937271816,0.023255813953488372
2017-12-17,1,,16.922183342406242,0.023255813953488372
2018-01-03,1,,15.621251451517065,0.023255813953488372
2018-01-08,1,,14.899976795145006,0.023255813953488372
2018-01-11,1,,20.841458582834825,0.023809523809523808
2018-01-13,1,,22.233491265258834,0.023809523809523808
2018-02-11,1,,21.54572960407779,0.023255813953488372
2018-02-20,1,,20.73993790227383,0.023255813953488372
2018-03-09,1,,18.083463038513507,0.023809523809523808
2018-03-11,1,,9.775466484826989,0.03333333333333333
2017-11-11,1,Veterans Day,17.39144771138692,0.023255813953488372
2017-10-30,1,,15.657108583610826,0.023255813953488372
2017-04-13,1,,13.164980977656773,0.022727272727272728
2017-10-25,1,,11.41933371095043,0.022727272727272728
2017-05-04,1,,6.483910072541856,0.022727272727272728
2017-05-06,1,,20.03580132621713,0.022727272727272728
2017-05-21,1,,16.866329378953214,0.022727272727272728
2017-05-27,1,,11.538054746503667,0.022727272727272728
2017-06-15,1,,10.109890385196174,0.022727272727272728
2017-06-16,1,,17.582297097892273,0.022727272727272728
2017-06-18,1,,10.190633408580153,0.022727272727272728
2017-06-24,1,,13.383604085415254,0.022727272727272728
2017-06-25,1,,12.11577928674979,0.022727272727272728
2017-07-05,1,,14.811155015071634,0.022727272727272728
2017-07-06,1,,13.892756990130458,0.022727272727272728
2017-07-18,1,,14.97283560142927,0.023809523809523808
2017-07-19,1,,12.800534060462251,0.023255813953488372
2017-09-16,1,,9.974614755619887,0.022727272727272728
2017-09-21,1,,6.229472725915029,0.023255813953488372
2017-09-23,1,,13.333422098101652,0.022727272727272728
2017-10-15,1,,8.533339944803373,0.022727272727272728
2019-09-12,1,,16.13349698418155,0.023255813953488372
2019-09-28,1,,9.928506614344979,0.022727272727272728
2019-10-05,1,,16.688937129686877,0.023255813953488372
2021-08-10,1,,14.144586335215227,0.022727272727272728
2021-08-13,1,,12.408903338458908,0.022727272727272728
2021-08-19,1,,12.769693700932363,0.022727272727272728
2021-08-22,1,,13.45407282060924,0.022727272727272728
2021-08-23,1,,14.390563461030725,0.022727272727272728
2021-08-24,1,,14.278566235600154,0.022727272727272728
2021-09-01,1,,8.65726567889561,0.023255813953488372
2021-09-05,1,,13.368648079737246,0.023255813953488372
2021-09-23,1,,25.485715407303378,0.023255813953488372
2021-09-28,1,,11.711578417878375,0.023255813953488372
2021-10-14,1,,57.52843167914451,0.023255813953488372
2021-10-15,1,,11.35977816959895,0.023255813953488372
2021-10-17,1,,34.13978811271215,0.023255813953488372
2021-11-04,1,,15.757036081748064,0.023255813953488372
2021-11-06,1,,14.36436746216315,0.023255813953488372
2021-11-19,1,,19.666555252580366,0.023255813953488372
2021-11-30,1,,19.215853444697554,0.023809523809523808
2021-12-02,1,,23.84316268984597,0.023255813953488372
2021-08-12,1,,12.833866731133222,0.022727272727272728
2021-08-09,1,,10.572767732482356,0.022727272727272728
2022-01-01,1,New Year's Day,22.445165292814462,0.023255813953488372
2021-08-07,1,,14.631379472513434,0.022727272727272728
2021-05-24,1,,10.007719470883497,0.022727272727272728
2021-05-26,1,,12.108048441567759,0.022727272727272728
2021-06-03,1,,15.782098382561713,0.022727272727272728
2021-06-06,1,,12.307218204280005,0.022727272727272728
2021-06-07,1,,15.068737260328033,0.022727272727272728
2021-06-10,1,,8.019568742758102,0.022727272727272728
2021-06-11,1,,8.33160700241249,0.022727272727272728
2021-06-16,1,,12.434375254085355,0.022727272727272728
2021-06-18,1,Juneteenth (observed),7.520709829859194,0.022727272727272728
2021-06-20,1,,13.511282194742186,0.022727272727272728
2021-07-02,1,,12.905735757766793,0.022727272727272728
2021-07-04,1,Independence Day,13.387889139786418,0.022727272727272728
2021-07-05,1,Independence Day (observed),8.903512234735505,0.022727272727272728
2021-07-07,1,,12.969014360946229,0.022727272727272728
2021-07-11,1,,8.981042729328415,0.022727272727272728
2021-08-05,1,,10.760288153043746,0.022727272727272728
2015-08-29,1,,11.198056244283837,0.023255813953488372
2021-12-24,1,Christmas Eve,15.1619694900701,0.023255813953488372
2022-01-02,1,,16.55081926584947,0.023255813953488372
2019-10-06,1,,10.203920899326818,0.022727272727272728
2022-06-16,1,,13.198075506482256,0.023255813953488372
2022-07-17,1,,21.84660283283641,0.023255813953488372
2022-07-19,1,,34.92747930876785,0.023255813953488372
2022-07-24,1,,12.82715791145375,0.023255813953488372
2022-07-26,1,,10.529869312227097,0.023255813953488372
2022-09-06,1,,42.7740836389875,0.023255813953488372
2022-09-08,1,,10.676824043694737,0.023255813953488372
2022-09-09,1,,12.27592159285124,0.023809523809523808
2022-09-13,1,,11.291988615422781,0.023255813953488372
2022-09-28,1,,25.511125913910593,0.023255813953488372
2022-10-04,1,,9.87600032840235,0.023255813953488372
2022-10-18,1,,11.557817289790117,0.023255813953488372
2022-10-25,1,,12.865877629422013,0.023255813953488372
2022-10-28,1,,11.977343059220386,0.023255813953488372
2022-11-10,1,,14.218022871308255,0.023255813953488372
2022-11-13,1,,14.129307335835135,0.023255813953488372
2022-11-26,1,,11.055549146477265,0.023255813953488372
2022-11-30,1,,11.092079443601548,0.023255813953488372
2022-06-17,1,,8.473387792025584,0.023255813953488372
2022-06-09,1,,18.25172723196324,0.023809523809523808
2022-01-03,1,,22.9256689038,0.023255813953488372
2022-05-24,1,,17.60943446777344,0.023255813953488372
2022-01-16,1,,13.717675900058726,0.023255813953488372
2022-01-29,1,,13.42079423640394,0.023809523809523808
2022-02-13,1,Super Bowl Sunday,9.470889526353163,0.023809523809523808
2022-02-17,1,,21.900161243513075,0.023809523809523808
2022-02-22,1,,28.568129914278735,0.023255813953488372
2022-02-23,1,,20.3144689753057,0.023255813953488372
2022-03-09,1,,20.89908277880329,0.023255813953488372
2022-03-27,1,,17.186212272306374,0.023255813953488372
2022-04-03,1,,15.443806777020022,0.023255813953488372
2022-04-17,1,,9.342706426394676,0.023255813953488372
2022-05-02,1,,16.00013398292427,0.023255813953488372
2022-05-06,1,,10.038980846049283,0.023255813953488372
2022-05-10,1,,8.830616237644435,0.023255813953488372
2022-05-12,1,,9.419435100181062,0.023255813953488372
2022-05-16,1,,9.824179875688921,0.023255813953488372
2022-05-20,1,,9.900451082957701,0.023255813953488372
2022-05-21,1,,11.573262024566143,0.023255813953488372
2021-05-21,1,,15.188911851772335,0.022727272727272728
2021-05-20,1,,11.28708599778329,0.022727272727272728
2021-05-19,1,,22.666656991522864,0.022727272727272728
2020-04-09,1,,10.98619124043418,0.023255813953488372
2020-04-27,1,,12.373596828901334,0.023255813953488372
2020-04-30,1,,16.618805219641743,0.023255813953488372
2020-05-03,1,,15.4249081372827,0.023255813953488372
2020-05-04,1,,14.603019121560765,0.023255813953488372
2020-05-18,1,,10.177406890200306,0.023255813953488372
2020-05-29,1,,12.55825878588449,0.023255813953488372
2020-05-30,1,,7.278480375785754,0.023255813953488372
2020-06-04,1,,10.091008079601126,0.023255813953488372
2020-06-06,1,,10.712157403450918,0.023809523809523808
2020-06-08,1,,10.02148263039873,0.023255813953488372
2020-06-10,1,,9.938045985332652,0.023255813953488372
2020-06-16,1,,12.519269316863973,0.023255813953488372
2020-06-17,1,,8.575709371475531,0.023255813953488372
2020-06-22,1,,17.092784165267148,0.023255813953488372
2020-06-23,1,,12.67124396760251,0.023255813953488372
2020-07-23,1,,27.40855022416157,0.023255813953488372
2020-07-26,1,,14.951868109358799,0.023255813953488372
2020-04-20,1,,6.697194997235136,0.023809523809523808
2020-04-06,1,,19.88080983325726,0.023255813953488372
2021-05-18,1,,9.837525527511167,0.022727272727272728
2020-03-30,1,,32.52547839558397,0.023255813953488372
2019-10-13,1,,14.532066614067737,0.023255813953488372
2019-10-16,1,,13.62908916767397,0.023255813953488372
2019-10-26,1,,13.351313623416146,0.022727272727272728
2019-10-28,1,,24.106727097323045,0.022727272727272728
2019-10-29,1,,25.36095357031381,0.022727272727272728
2019-10-30,1,,8.950314998924789,0.022727272727272728
2019-11-11,1,Veterans Day,23.047372239294823,0.022727272727272728
2019-11-12,1,,19.54396925251859,0.022727272727272728
2019-11-16,1,,13.957067940842268,0.022727272727272728
2019-11-22,1,,18.802897563601075,0.022727272727272728
2019-12-12,1,,33.98033715343698,0.023255813953488372
2020-01-04,1,,17.883550596155388,0.023255813953488372
2020-01-11,1,,20.180595213684207,0.023255813953488372
2020-02-22,1,,21.271335374793768,0.023255813953488372
2020-03-16,1,,20.324087868382026,0.023255813953488372
2020-03-20,1,,21.427453318249565,0.023255813953488372
2020-03-23,1,,21.6913327563936,0.023255813953488372
2020-08-15,1,,12.059505793358742,0.023255813953488372
2020-09-19,1,,10.261286744509308,0.023255813953488372
2020-09-28,1,,17.004364803885373,0.023255813953488372
2020-10-02,1,,17.450788561678266,0.023255813953488372
2021-02-25,1,,15.909440234639241,0.023255813953488372
2021-04-05,1,,16.153526045929095,0.022727272727272728
2021-04-07,1,,7.280703691032429,0.022727272727272728
2021-04-11,1,,6.302734096793479,0.022727272727272728
2021-04-25,1,,25.606693595046913,0.022727272727272728
2021-04-29,1,,19.188184993426553,0.022727272727272728
2021-04-30,1,,13.068818469162464,0.022727272727272728
2021-05-01,1,,26.304095435829854,0.022727272727272728
2021-05-03,1,,18.217622537574478,0.022727272727272728
2021-05-06,1,,12.67841222161806,0.023255813953488372
2021-05-09,1,,29.762774237562123,0.022727272727272728
2021-05-10,1,,41.146611397388575,0.022727272727272728
2021-05-11,1,,16.551720821733625,0.022727272727272728
2021-05-14,1,,9.565929182523748,0.022727272727272728
2021-05-15,1,,11.882973778803908,0.022727272727272728
2021-05-16,1,,12.936439009915949,0.022727272727272728
2021-05-17,1,,14.512932170905533,0.022727272727272728
2021-02-04,1,,18.193476306596256,0.022727272727272728
2021-01-13,1,,10.002632847222003,0.023255813953488372
2020-12-29,1,,19.918219151840102,0.023255813953488372
2020-11-13,1,,17.90015468714948,0.023255813953488372
2020-10-08,1,,11.167708672582487,0.023255813953488372
2020-10-16,1,,26.283646635737128,0.023255813953488372
2020-10-18,1,,23.682423581092674,0.023255813953488372
2020-10-22,1,,6.625761855752072,0.023255813953488372
2020-10-23,1,,13.648443473988733,0.023255813953488372
2020-11-04,1,,6.680966530010307,0.023255813953488372
2020-11-09,1,,17.056345668068136,0.023255813953488372
2020-11-14,1,,23.99316610369524,0.023255813953488372
2020-12-25,1,Christmas Day,13.666507383204252,0.023255813953488372
2020-11-19,1,,21.40205417759026,0.023255813953488372
2020-11-20,1,,25.37572620657877,0.023255813953488372
2020-11-27,1,Day after Thanksgiving,27.06554474274271,0.023255813953488372
2020-11-28,1,,27.66257696890863,0.023255813953488372
2020-12-04,1,,22.085179525117127,0.023255813953488372
2020-12-12,1,,26.92371654039136,0.023255813953488372
2020-12-17,1,,15.158806899436684,0.023255813953488372
2026-06-29,1,,9.00054745933532,0.023809523809523808
