ba,days,G3_w8_mean,G3off_w8_mean,gain_pp,gain_rel_pct,ci_lo,ci_hi,share_days_b_better,sign_test_p,needs_b,gain_Mon,gain_Tue,gain_Wed,gain_Thu,gain_Fri,gain_Sat,gain_Sun
SCL,3816,2.554490193371507,2.5189040644582055,0.035586128913301845,1.3930814455910674,0.023930117594026756,0.047481573600185775,0.495194874532835,0.5674275909716814,False,-0.007335246294006805,0.017404324304209195,0.04114378620212371,-0.023443874837932144,0.28883292623760914,-0.028604448338135986,-0.03954563720611169
BPAT,3835,2.896054700962364,2.8632632045983626,0.03279149636400204,1.1322816641931994,0.01696167486220387,0.04798328375629247,0.4945551128818061,0.5144744113899988,False,0.21126612871777786,-0.023907264938756428,-0.012751668263929608,-0.0259434958894055,0.17115739372792638,-0.03626206590029418,-0.03352528513226941
PGE,3814,3.3430690308327042,3.3186351818374775,0.02443384899522694,0.7308807796033115,0.009696351861272899,0.038721195971967645,0.4874465811965812,0.12852495843330497,False,0.1385198817905094,-0.02159659983724701,-0.026594961391260646,-0.03041103401946274,0.1989991611690314,-0.0371454342931341,-0.03645550995179335
MISO,3827,2.704272961584637,2.6863477090011,0.017925252583537107,0.6628492329795492,0.002475137015819982,0.032788472339412546,0.4897524620708012,0.21500022910781197,False,0.14909998221664364,-0.03279809456218427,-0.01986956489186341,-0.03668581190685501,0.18428112391842086,-0.05323246995342818,-0.04944463948511255
TPWR,3836,3.2660169203158738,3.249958177985866,0.016058742330007546,0.4916919514444653,0.0017209785802748173,0.031241866280271573,0.4883165161975571,0.15627411906034389,False,0.16997813422398725,-0.013809857733267357,-0.02073802108285761,-0.028195606018420822,0.11568076273926034,-0.04230242668853335,-0.051143125982742996
PACW,3651,4.067588679794625,4.05045124223297,0.017137437561653958,0.4213168761822604,-0.0030870586695280703,0.03633967363609803,0.4920413292376431,0.3493744339110937,False,0.22992602409531485,-0.04389838200860485,-0.04022969548153673,-0.03591533176122423,0.15329890018794562,-0.057863093738694735,-0.06286033209531137
NWMT,3817,2.6716871926295,2.6652202971379335,0.00646689549156661,0.24205286866692766,-0.0056320943615084445,0.01899529403486975,0.47664798505471045,0.004469201332095947,False,0.060301104658753435,-0.01892825709358295,-0.02469166421992495,-0.028659484699755187,0.1274788465110336,-0.035814411246584986,-0.02735572528930031
CISO,3813,3.273567655904834,3.26863792921409,0.0049297266907435315,0.15059186822827175,-0.008294891303444366,0.01841127973396122,0.48330216403954046,0.04266810159042964,False,0.1849668930248186,-0.04198347641343427,-0.03910426001133371,-0.027093175079087845,0.0892786679835867,-0.05298700144309515,-0.058316443509953624
GCPD,3835,2.2488686224700007,2.2463366125407025,0.0025320099292983184,0.11259038896266581,-0.009425026468533684,0.013385703415576206,0.4857901726427623,0.0840604935294764,False,0.07777696136272547,-0.022964646760542894,-0.011418002117540148,-0.02244740635141349,0.07840905158196172,-0.032124233430435134,-0.040882053437866446
AVA,3795,3.493690974299619,3.4973399467777777,-0.003648972478158072,-0.10444462618476387,-0.018090805343072905,0.010054301094739744,0.4791946308724832,0.011618069075406282,False,0.07026677673581337,-0.040502291424272356,-0.021343597189042447,-0.048504268239522315,0.12647427222402136,-0.05151748106489071,-0.05047457905877472
IPCO,3833,3.739910852667136,3.7474225249151956,-0.0075116722480599715,-0.2008516390892843,-0.021633404523131138,0.006788746695721088,0.46744618655328196,6.922836134520287e-05,False,0.0929983358897409,-0.033001803320628645,-0.032404119479390696,-0.043941265215205486,0.07503492516455341,-0.05980403530936186,-0.03970641437849901
PJM,3823,3.217093973313246,3.2258511290587797,-0.008757155745533114,-0.2722070234247532,-0.024876063758388814,0.007396774369645495,0.4697575273114841,0.00022414525663703771,False,0.057413565591447245,-0.04063111338491179,-0.03661570029846931,-0.030988455622927902,0.10757815715761637,-0.05230524465326871,-0.057547115944406396
EPE,3828,4.820140407563301,4.8332700765357846,-0.01312966897248306,-0.27239183638470876,-0.029646952576138013,0.0039060403510092372,0.47472059606173495,0.002044764711035621,False,0.05019315075910812,-0.0494752947742781,-0.02771468516514547,-0.0308710563164123,0.10746086793713401,-0.06010849108343122,-0.07345178979171767
NYIS,3834,2.737468326102398,2.7503084011559333,-0.012840075053535962,-0.46904926464729674,-0.02229284930186347,-0.0032552048364652875,0.4636025504782147,8.522150876000013e-06,False,0.012892696012588665,-0.022843346838821197,-0.02925177779143035,-0.035388322183667935,0.08112081511666969,-0.04014871304939177,-0.05242648140528798
PSCO,3819,3.986406375628216,4.005458104667852,-0.019051729039635916,-0.47791738333835976,-0.034425637881090064,-0.004108815652414578,0.4579887970125367,2.8794119167932683e-07,False,0.036949252201247264,-0.0490207181305653,-0.04981810818593698,-0.053532692756012745,0.10391933194879728,-0.05780362080985717,-0.05645340233423388
SWPP,3724,3.465893579896244,3.4846683774137848,-0.01877479751754118,-0.5417015001973381,-0.03661635483078279,-0.0024336189903747625,0.44772851669403396,2.8176574300360054e-10,False,0.023776346526939985,-0.06189246112276629,-0.024685215942137795,-0.041941060888243814,0.07509470729757714,-0.04934710627237804,-0.04651656829565934
SOCO,3771,4.5442880319171275,4.569988764395506,-0.02570073247837945,-0.5655612561938975,-0.045285426636274766,-0.005824720229748167,0.46906241556336126,0.0001776169105172134,False,0.06705438575567343,-0.058335798894153926,-0.040030896031855445,-0.04965029613198073,0.08271174515559433,-0.0776915965299843,-0.0935635528930343
FPL,3776,3.878471951136566,3.900681992045857,-0.0222100409092911,-0.5726492595307429,-0.03409883481860838,-0.010104273122138794,0.4573664328116568,2.2502229784247324e-07,False,-0.013919761299417062,-0.031444155581632986,-0.04525156388095508,-0.04256703205106144,0.08357249551245793,-0.05006744444496687,-0.05396778515577818
BANC,3742,4.797676944278179,4.825422758674283,-0.0277458143961031,-0.5783176882969038,-0.04392641776074946,-0.010296789124450959,0.4752178649237473,0.002812853573522515,False,-0.022921372468853302,-0.05180220489836736,-0.05146510912220634,-0.04139241422569156,0.07942734360045409,-0.05273460692611487,-0.05109515821560369
PSEI,3291,3.330939769130658,3.3511805905153,-0.02024082138464233,-0.6076609842130223,-0.035843202270926036,-0.0051772346465405765,0.46429704855601395,6.550574123776345e-05,False,0.040776291735855855,-0.02961632869821513,-0.07661941780376519,-0.037862442402542974,0.11453914529446177,-0.06826790671221558,-0.07779839330831098
DUK,3834,5.34410646382522,5.377188200511277,-0.03308173668605811,-0.619032141481305,-0.054638929281437855,-0.009862545732767155,0.4535069075451647,1.251931867725654e-08,False,0.04751824107190157,-0.047871992103640695,-0.050871924071039853,-0.06251670483332772,0.06170404967598638,-0.06772252638003812,-0.10308775381202827
LGEE,3826,4.862958135973723,4.894824394748446,-0.03186625877472314,-0.6552854843432141,-0.05213038613763223,-0.011449981056534992,0.46219382321618746,3.841760807560618e-06,False,0.09243569362429195,-0.06322907208586528,-0.03438708233281525,-0.0732320664752059,0.03516721979309302,-0.08398819720348406,-0.08247971575006997
PACE,3689,3.1500502044161887,3.1711528449140496,-0.02110264049786012,-0.6699144181345249,-0.03226713963108207,-0.009930788138256683,0.450124343741365,2.110792086892074e-09,False,0.05148498294501863,-0.038874030500088454,-0.03139578074210087,-0.046779892020455856,0.040995168355325365,-0.05125266782344819,-0.06438974159266628
TVA,3804,5.014801550348677,5.049265046531957,-0.03446349618328038,-0.6872354935138789,-0.05678297952196909,-0.012627786202996595,0.467327262988752,6.950241692614783e-05,False,0.03275239886399253,-0.06634732645208394,-0.04837151191957987,-0.06711670869679463,0.06714053122408464,-0.08257576450155486,-0.06817550070953526
ISNE,3836,3.8821354911070505,3.909098417205744,-0.02696292609869371,-0.6945385126422988,-0.040264276276715555,-0.013883106321908102,0.46521508231545405,2.0936724425071055e-05,False,0.00272585244985261,-0.04039177905337388,-0.05144447334277773,-0.049753772830399834,0.0790628467691784,-0.05457995451406057,-0.06984716167701967
WACM,3684,3.317896935281639,3.340968289040296,-0.02307135375865652,-0.6953607724616712,-0.034249947357188205,-0.01170094020753033,0.45932484781405647,1.0802359500911996e-06,False,-0.0013412994972968196,-0.038226306716906744,-0.025471576256923083,-0.046010557681940324,0.04620049357119154,-0.05061281254410927,-0.043804481095708864
CPLE,3826,6.560700187358641,6.611906203461278,-0.05120601610263635,-0.7804962068119143,-0.07620638396238866,-0.025401337652007538,0.46352502662406814,8.335718790281147e-06,False,0.0023718251227073245,-0.052487682693502485,-0.06294534959234005,-0.08679572133312527,0.02615215711634203,-0.07910840237504935,-0.09993109629096694
ERCO,3826,3.9014859377958513,3.9321661038512055,-0.030680166055354428,-0.7863713094064674,-0.04415305240605884,-0.017308331170884303,0.45580404685835996,6.507163116349493e-08,False,-0.03753839562011059,-0.05784268127914853,-0.04096247831265063,-0.015828804791987432,0.035652567597293065,-0.03797208540711565,-0.05944791072515565
NEVP,3781,3.694060163257622,3.7238935126329333,-0.029833349375311295,-0.8076032348374812,-0.04210392691224226,-0.016994074800939087,0.46429533818377794,1.4547572088043838e-05,False,-0.040799648139916135,-0.04006859647887842,-0.018044317683002867,-0.040649236227339854,0.010936772287103911,-0.0443617918833466,-0.03672696094797539
FPC,3833,5.93309136712078,5.9816536282109425,-0.04856226109016158,-0.818498453593307,-0.06703720271216597,-0.029696723160969253,0.44990698910443794,8.546986286704354e-10,False,-0.04344830782266517,-0.0583076974654437,-0.06471518082179856,-0.078009495419083,0.07761709328993806,-0.08282924878667171,-0.08830283175710925
TEC,3830,5.20779337288295,5.250676575431708,-0.04288320254875758,-0.823442857238749,-0.06044790287397231,-0.02619969089235852,0.4577127659574468,2.307907238987265e-07,False,-0.03382799360692899,-0.04771138945580136,-0.07069739959805782,-0.0646671282705264,0.0848365802018059,-0.07507577990338492,-0.0908443887192714
PNM,3835,3.5995406342184557,3.629527873718796,-0.029987239500339595,-0.83308517801607,-0.04204323919079665,-0.018388118595247246,0.45179282868525894,3.5462668370412324e-09,False,-0.03698628338315316,-0.052908662128592514,-0.025430158300860674,-0.032594293375748304,0.037778889499847555,-0.048213403942575464,-0.051198608147427264
CPLW,3829,5.902044639041925,5.951318919494803,-0.04927428045287721,-0.8348679731584658,-0.07268834750185527,-0.026010447939817844,0.4604948124501197,1.363529681771752e-06,False,0.03311447953973473,-0.08214356925203606,-0.05407766382553087,-0.05343559473683783,-0.013691055447602102,-0.08250810243519038,-0.08325005890329341
JEA,3822,5.892064407476873,5.94328377712943,-0.05121936965255517,-0.8692941235937467,-0.07205726719713602,-0.03106069953872629,0.4538912579957356,1.7386388192802505e-08,False,0.058045410772093506,-0.08869677363711677,-0.07579292183146523,-0.07510772762274526,0.03125318028415336,-0.06318915426190948,-0.13407618287535888
SC,3692,5.643149717830073,5.692412288872625,-0.049262571042553376,-0.8729623261084772,-0.06945100273479762,-0.027164695409948873,0.4654886802871342,3.489534594960082e-05,False,-0.006775787773812892,-0.07023317922829243,-0.017012588439507155,-0.06205357628829665,-0.023051828337512938,-0.07310607201686654,-0.08966687606884474
SRP,3742,5.163829826605484,5.209161490621832,-0.045331664016347833,-0.8778690533678418,-0.06696909572061646,-0.024715348950690448,0.47058823529411764,0.0003867514892995225,False,-0.0059163818016316665,-0.06880324365293697,-0.04151310358846018,-0.06020461141225417,0.038000486908865524,-0.09170662030887816,-0.08224519143755532
FMPP,3789,4.681924683375097,4.723998165626133,-0.04207348225103522,-0.8986364603521424,-0.05668182924497644,-0.02847494609058055,0.4409787577305727,6.458274710281949e-13,False,-0.04001361498933625,-0.056259345751235555,-0.054464100200567356,-0.059805899924511824,0.0507687134552795,-0.06115112862266928,-0.07218717488816569
LDWP,3803,4.151178803997216,4.1908296148306405,-0.039650810833423665,-0.9551699096951318,-0.05170532698773338,-0.02786542139158649,0.4361103669970533,6.133594170937275e-15,False,0.018088664581124188,-0.05070472397207858,-0.05423810456856739,-0.05749451656339,-0.005991477353522229,-0.0547795071070187,-0.06657054148829346
AEC,2139,7.281024325134182,7.351894929276975,-0.0708706041427928,-0.9733603539566078,-0.10814968663838366,-0.03232543119747123,0.4635089415176414,0.0009702539289422023,False,-0.03626921688843225,-0.10772319335256136,-0.10308687097472755,-0.09605850029019437,0.08775644610551828,-0.10644026770149774,-0.12926649878726215
AZPS,3826,5.234993672439368,5.289876356860736,-0.05488268442136868,-1.0483811033107666,-0.07212175895652354,-0.03734211033989161,0.4560702875399361,7.805099053620405e-08,False,-0.04631669593191699,-0.06612285154416894,-0.06093284688559521,-0.08011681239409153,-0.001046525242157467,-0.051513000282429965,-0.07690341881415094
WALC,3769,5.650908475012733,5.710469435514627,-0.05956096050189364,-1.0540068161652438,-0.0729173855472689,-0.04536596438093782,0.42146526088131925,1.2248270778220376e-21,False,-0.01728528599772291,-0.05839753905490896,-0.06291384966585167,-0.06420477621300219,-0.043817153387133774,-0.07510273678138635,-0.0909976022781006
SCEG,3816,4.950738592517033,5.003978028731539,-0.053239436214507094,-1.0753837072912251,-0.0710749184981517,-0.035425712143928534,0.4423384943940203,1.7942570979734962e-12,False,-0.03994405894704507,-0.07401508378001277,-0.052289574918169594,-0.059029386868359256,0.020314050958292005,-0.07544092975303444,-0.09012730749801044
TEPC,3763,6.76460274902286,6.852203994392028,-0.0876012453691693,-1.2949946747696783,-0.10716758689402699,-0.06887840829485313,0.4102355808285946,8.97004897724737e-28,False,-0.08958121474251934,-0.0639075400011157,-0.0785588482237775,-0.09438953879740437,-0.06592877910080093,-0.0962078506723173,-0.12585003591066143
AECI,3834,6.579166693802419,6.665925450702597,-0.08675875690017755,-1.318689143138817,-0.11431196291830452,-0.05932631552083188,0.43092454835281613,2.3963553722253996e-17,False,-0.08551602213094983,-0.13249357977102405,-0.09544316460389671,-0.06276291770654499,0.010737105433019617,-0.11538312928900325,-0.12425606388959927
