ba,days,G3_w8_mean,G3R_w8_mean,gain_pp,gain_rel_pct,ci_lo,ci_hi,share_days_b_better,sign_test_p,needs_b,gain_Mon,gain_Tue,gain_Wed,gain_Thu,gain_Fri,gain_Sat,gain_Sun
AEC,2048,6.839933388741915,5.51848334902977,1.3214500397121447,19.319633169047602,1.1695661008509295,1.4758923351714144,0.6872393661384487,3.482077026672111e-39,True,1.079970521409747,1.6182254045613305,1.8011839761614032,1.4867543174731912,1.2361414422854198,1.0090204161679783,0.8911738790821901
CPLW,3626,5.621731456159337,4.536779337463069,1.0849521186962672,19.29925196813806,1.005528928750067,1.1693546858210835,0.6782287822878229,2.252070670572824e-78,True,1.3510091294660047,1.1494078500086773,1.2694439698577438,1.2541030734265495,1.0213774835289533,0.600250138026969,0.8738449705224755
CPLE,3649,6.221904518672336,5.069242353039622,1.152662165632714,18.525873583779706,1.0635578070089624,1.2462675899501443,0.6764455782312925,6.835317863632849e-67,True,1.2090275098849244,1.15222294259229,1.5292937247231957,1.336081141480482,1.1902227808182533,0.6417705341285395,0.9239368499742251
AECI,3646,6.2909593791716105,5.130503866489194,1.1604555126824163,18.446399710106288,1.0741485223688882,1.2463836246733664,0.7052588666938443,2.029087575787376e-94,True,1.4206268519474294,1.285204058939547,1.4383193998839938,1.3141729879801924,1.1532861811135109,0.7765771814289993,0.6355013000084418
DUK,3669,5.112365624311439,4.199617579386869,0.9127480449245688,17.853731755492404,0.8448813504381552,0.9839431048243912,0.6879289463060153,8.265409691253334e-80,True,0.9977158912097086,0.972971209442872,1.0927391819707173,0.9762526489360822,0.9062859497000675,0.5893187598293099,0.8134208351921337
TVA,3646,4.802568618247656,3.9681590864343814,0.8344095318132736,17.374234459511587,0.767287311588295,0.9041595742036267,0.6819672131147541,9.95703169430221e-74,True,0.8395556114751902,1.0044081619385958,1.0313033214963565,0.9029515847926612,0.8152333004095839,0.57099441751726,0.6197308674443781
SC,3517,5.368217190651446,4.447618367318177,0.9205988233332694,17.149060677657722,0.8391313063339413,1.0021922671469632,0.6876446089773253,1.2410588213581421e-69,True,1.0465422361407484,0.9001868970479685,1.0953551317088759,1.0625588856546697,1.0191007533212486,0.6877595952753583,0.5665922161360087
SOCO,3617,4.326330527994502,3.6228902464789496,0.7034402815155525,16.259513159334055,0.6403807863441765,0.7625488344987671,0.6830855018587361,5.013922615789255e-66,True,0.6738482926553636,0.8637906621094952,0.9181173405927103,0.7821941656044584,0.7303293233681467,0.3971222486982784,0.49899090432485
LGEE,3640,4.6909264264678505,3.9343650476733254,0.7565613787945247,16.128186844409672,0.6953545826022944,0.8156836496623767,0.6554413328606877,4.228401342547054e-62,True,0.8855479985215212,0.8201181713413365,0.7838038661549808,0.8475270740204146,0.7240983724921393,0.5892998956499058,0.6177824028708808
JEA,3685,5.598284436565235,4.734135872580269,0.8641485639849672,15.435953170595882,0.7808718178014131,0.9480564264224524,0.6320501342882722,4.7929522784412446e-36,True,0.8364643983066506,1.0236933773969654,0.9731055697297497,1.054668460052247,0.9876098658845435,0.6856478270532779,0.4332461876450628
ERCO,3687,3.6899151622265554,3.138763245101594,0.5511519171249615,14.936709731623948,0.5016636514206797,0.6000424802331389,0.6975276170436613,4.280938746065263e-68,True,0.6392508698828073,0.7367830692696282,0.6119317928062016,0.5913437563591032,0.604681805815699,0.3105860873959446,0.3284867056620123
BPAT,3619,2.7893655859667743,2.394347140764972,0.3950184452018027,14.16158739424944,0.36449366907930336,0.42705982282770694,0.6518191091465488,1.0028927337639433e-61,True,0.5436949270738033,0.4424237523790185,0.5030969376086639,0.48925315923142054,0.4187610769610582,0.16008545121444942,0.1581705530911626
SWPP,3558,3.3561417258479254,2.8811775291252295,0.4749641967226955,14.152089974766973,0.4317626836707392,0.520667588670981,0.6602590890096114,3.2579663528836013e-56,True,0.5673907570941926,0.5934791970122753,0.543600775457367,0.5547081528209551,0.5932790857205135,0.27040007817809747,0.1522857503308764
SCEG,3654,4.763379744682561,4.093748095465402,0.6696316492171595,14.057910246704145,0.6109716540590955,0.728704758232888,0.6634290540540541,7.732403410988807e-58,True,0.7770787438113489,0.7155502556171506,0.8193130506559927,0.8002138539215577,0.7170651127094297,0.3529283462046187,0.4593512370313804
FPC,3715,5.576438067124848,4.801287197245372,0.7751508698794765,13.900465862774944,0.685055384214301,0.8649032675956246,0.6479035037334865,2.293059282151502e-35,True,0.6875579699640116,0.9237072646268953,0.9753992719374904,1.0996701438806777,0.9599997873203056,0.37930455609692537,0.3388965934090077
IPCO,3618,3.651759243350296,3.1788456674923893,0.4729135758579069,12.950294483927523,0.43420129926244716,0.5109783271416661,0.6608103262818215,1.103246694042005e-65,True,0.5133509014046205,0.5830702580405899,0.5807563648533001,0.5817893130214964,0.580886248151869,0.32498555313548483,0.0820155083721883
GCPD,3591,2.159195045633845,1.8844080350657775,0.27478701056806787,12.726363517910094,0.25002040533864933,0.3012842116268823,0.6328963051251489,6.506310205713549e-41,True,0.3319420317753208,0.33867905278290517,0.32100988853063345,0.3074885177293519,0.29618702448426826,0.16869554716467378,0.133412430438083
TPWR,3633,3.1721512683877626,2.7687135917091514,0.40343767667861136,12.718109653189947,0.3639467577522332,0.4404563069376771,0.5890629996802047,2.0814986129242976e-23,True,0.5902898797798406,0.5306018043867309,0.5008450380499166,0.4761853929065022,0.42111183340165487,0.05022760284385709,0.18303488937875925
PACW,3417,3.9534827041927576,3.451002089006922,0.5024806151858362,12.70982201725441,0.4564492132910107,0.5480638007367369,0.6402714932126696,8.470521608624642e-48,True,0.5556476709614958,0.6589347781454371,0.6737037095386909,0.5826368816847409,0.5632204361846961,0.24469024072172055,0.17002404609266505
PSEI,3127,3.2222424978044546,2.8588650629277796,0.36337743487667534,11.277159776902902,0.3248565486099275,0.3992795419127229,0.5871704053522235,1.4895604517612223e-18,True,0.5112035085707114,0.41840545196830636,0.4872793417188017,0.47338028422774425,0.3780722350327563,0.13567647965787108,0.09263971373433814
AVA,3612,3.4095484111098786,3.0295505045178883,0.3799979065919908,11.14510957972565,0.34461147450388296,0.41764475060564354,0.601867865790384,5.106818245995895e-28,True,0.3682643981256065,0.5031599189449427,0.4998018628891738,0.49579341902864893,0.4916633033222552,0.13132408572133195,0.11253720195889359
PJM,3706,3.16078732101593,2.8118066399346366,0.34898068108129304,11.04094156417727,0.317102352129952,0.3784764412986076,0.645877829987185,9.432320445702221e-46,True,0.47292303032340194,0.427133773290186,0.5182860026037052,0.46207443689712185,0.3514947800578757,0.12142853290956332,0.0613028265636991
NWMT,3667,2.6205968803449466,2.3464390747950747,0.2741578055498728,10.461655037679266,0.24938028595609602,0.2997447480587742,0.5914166085136078,1.1660481456238462e-22,True,0.2898832956052579,0.32188071585852446,0.3005303969242599,0.4060843133159869,0.4309646793153291,0.07716111618221178,0.06316328949533798
MISO,3725,2.655330405502352,2.38282687093447,0.2725035345678821,10.26250947916699,0.24801342467820328,0.29833256637341504,0.663768115942029,5.646070499518553e-51,True,0.317021433692306,0.360872840824039,0.36883990783005605,0.3309629334407214,0.3450200082450098,0.15372739015200523,0.02014668766611681
TEC,3728,4.9610767192341925,4.488450493947964,0.4726262252862281,9.526686484283681,0.4075779591268375,0.533649142872195,0.6108347153123272,3.616470352535492e-21,True,0.45898274839591263,0.5626695797441269,0.5793926766362301,0.7114537954496922,0.556506636375862,0.21886939345877315,0.19881698213749363
FMPP,3697,4.474605792244613,4.0614689903825045,0.4131368018621085,9.23292064248782,0.35652000981147863,0.46491745138783164,0.6186681844052362,2.0351135392790917e-23,True,0.38667656142526596,0.4488033713213956,0.5444740277295599,0.5914604190313488,0.5169428592441316,0.1841252266427117,0.20261808465837503
AZPS,3688,5.146274061352342,4.721156715236338,0.42511734611600416,8.260682214897267,0.38125724535383804,0.46835661834062137,0.661987041036717,8.331202419995864e-45,True,0.5571253058780893,0.5081934593307227,0.5255501597536572,0.5307887943669483,0.5057883677874372,0.2346240173850483,0.09458671548829442
SRP,3619,5.074458885432199,4.655746412983066,0.41871247244913307,8.251371858606966,0.3769000237968732,0.46130785834239285,0.6856772521062865,3.756200192652322e-49,True,0.525135554324413,0.4645514196944504,0.5551596403354776,0.5343438279242462,0.5001310524257863,0.21978782636773894,0.10450577107352958
SCL,3655,2.528840400223589,2.323942041147783,0.2048983590758055,8.10246305214395,0.18450395350163018,0.22692486470001022,0.5871033085752869,2.3886572973290594e-21,True,0.263123490483161,0.2983733847447846,0.2874884348725363,0.31200084873648176,0.19514197956184515,0.02062124760165322,0.025176690630775676
PGE,3678,3.3069761310498045,3.0462367217766793,0.26073940927312583,7.884526496124232,0.23370548204947747,0.2892952116671907,0.5862874951305025,2.222784494722509e-18,True,0.3021303221404114,0.3378811851235996,0.3334022596745749,0.35990754683971254,0.384874371075973,0.07305791557937473,0.018300121915312717
WALC,3558,5.501902490093303,5.174957121899479,0.3269453681938241,5.942405718431401,0.2839059314067485,0.3702356644657573,0.5844675740592474,3.0868416335626536e-17,True,0.47070955142878246,0.42788114290939105,0.4403528217390212,0.3867577409092865,0.38148528172909013,0.09291196087489485,0.046089294140196586
WACM,3531,3.2548064011062383,3.0674468736554545,0.18735952745078407,5.756395446042647,0.1640822956646708,0.21092603414545175,0.5978835978835979,1.6618617129223094e-25,True,0.21911357156474984,0.18677293287794844,0.22120195828832268,0.24622132417152667,0.3157371961929571,0.07869938894987187,0.025440818817819247
FPL,3703,3.700093348663176,3.5166548332497842,0.18343851541339182,4.957672634926013,0.148451149642052,0.21837339084640814,0.6362053959965187,2.0099435061385302e-20,False,0.18160721495098198,0.19803414233732916,0.21919781965557297,0.22976955328612886,0.24964535545718522,0.10945541343862732,0.09200071149264429
TEPC,3647,6.663402668801468,6.3566004699305605,0.3068021988709071,4.604287240622229,0.26596602478959325,0.3465175566499583,0.6695226438188494,2.041939662386824e-43,False,0.3522191246621996,0.2816982583990675,0.4268587511834129,0.444459565806412,0.4180064523091273,0.1516797514291275,0.05067938121158857
PACE,3609,3.1140549776213797,3.0092367942633005,0.10481818335807874,3.365970867930611,0.089012548844514,0.1222851337225953,0.5650044523597507,7.812453044638937e-10,False,0.164762815748714,0.16151418015326216,0.10570704110430039,0.11843636266555303,0.18701161850153178,-0.005437995109635198,0.0038891527276159903
PNM,3776,3.571653281693661,3.466054754685534,0.10559852700812745,2.956572731999707,0.08939774188153622,0.12165467837832983,0.6057877813504823,6.902092804043705e-17,False,0.12893759978286384,0.11039753046920445,0.11872877547043303,0.14318722043625098,0.2288256114360318,0.0003315887511074568,0.014877624613348808
BANC,3683,4.785797323468652,4.660898858040758,0.12489846542789303,2.609773397954284,0.10475760092434168,0.14536434275547092,0.6276257161043921,3.411379470800732e-24,False,0.13786725470747363,0.161100767473957,0.22476968335852052,0.16927437339321952,0.19089866652589996,-0.0050043124557013555,-0.00448149021105211
PSCO,3742,3.9556612291649267,3.8549786956713272,0.10068253349359954,2.5452769501915733,0.08390388937033261,0.11886361447446064,0.6079484425349087,1.0679589554034161e-20,False,0.10060409530232076,0.15823767938136563,0.1333943118864314,0.11924520846613029,0.16289820335564154,0.016428661044037538,0.012701423445930535
EPE,3772,4.792530159485214,4.750143383194523,0.04238677629069093,0.8844342107435769,0.032611836667633926,0.052730445315850395,0.5739736638264911,1.1755041437642285e-07,False,0.04279898704224807,0.04451926244285191,0.059534640242133646,0.06659236244066274,0.09354612026939457,-0.004100468706276526,-0.0037570645639323987
LDWP,3709,4.115769945569898,4.08771977507491,0.028050170494987023,0.6815291152310263,0.01830292971546309,0.03844115011732573,0.5306748466257669,0.01417698661610362,False,0.06378248097310556,0.029769604156878182,0.03618156325167189,0.003531101083299027,0.04438201236456218,0.018538073332373298,0.002160763132816668
NEVP,3751,3.673030602818048,3.6516465827293163,0.02138402008873224,0.5821900877255376,0.011722174111171818,0.03217668136772713,0.56875,0.0005734781886101751,False,0.0008377647739476423,0.019060592942567033,0.026181225657053123,0.025416770506874593,0.05495351126213066,0.0066742994603461924,0.014991076644684468
CISO,3773,3.259241758170063,3.249374514388366,0.00986724378169729,0.3027466053097381,0.003520430498378395,0.016461722484322282,0.5230596175478065,0.17970709888129596,False,0.028895899009042478,0.010276895201604278,0.013592537206737552,0.008709234763661275,0.021355267493680326,-0.01101277245826192,-0.00099425012104826
NYIS,3780,2.7093214181384684,2.70404762061665,0.005273797521818314,0.1946538157677082,-0.0003065270854261967,0.010982243672276843,0.4904306220095694,0.516031487895198,False,0.003239020182420007,0.015532218566934602,0.004964146729697063,0.019147572105681607,-0.01071724135994792,0.0039170779399129475,0.0
ISNE,3774,3.845913080964496,3.8431796014567023,0.0027334795077938075,0.07107491641772343,-0.00634544835869082,0.012707755043730609,0.4739471805852962,0.05436671388601796,False,0.006562322494464669,0.013426610230133695,0.03031017509752762,-0.02182706208425706,-0.007671620255423387,-0.0025872062539579258,0.0
