ba,days,G3R_w8_mean,G3T_w8_mean,gain_pp,gain_rel_pct,ci_lo,ci_hi,share_days_b_better,sign_test_p,needs_b,gain_Mon,gain_Tue,gain_Wed,gain_Thu,gain_Fri,gain_Sat,gain_Sun
EPE,3303,4.539569221264214,4.042421765192983,0.49714745607123123,10.95142362280758,0.4430643794151268,0.547854704398866,0.6936720997123682,1.1450301923204238e-71,True,0.5350216614559258,0.5290814163386677,0.5387447988310616,0.5970966560392031,0.4076588834902449,0.45002063175661006,0.40928788972979596
PSCO,3283,3.6367684756204235,3.2780004921553303,0.3587679834650924,9.865021264623877,0.31393303734828715,0.40366765571522367,0.5809604759881003,4.136858457398191e-15,True,0.29726203394473344,0.29324297499291263,0.44422391835635444,0.49211631131003436,0.403582634927751,0.2585634099003027,0.3006758936759609
PNM,3307,3.310987387624432,2.991543141130266,0.3194442464941657,9.64800553720504,0.2846220717231243,0.3569224428822568,0.6373895976447498,1.2056586801147913e-35,True,0.3198943545807745,0.36953895835072287,0.38057756581269747,0.30824531531275723,0.22362383563362337,0.31822532110774093,0.31053816454643624
NEVP,3292,3.6014552926358716,3.3381812872802166,0.26327400535565487,7.310211677318007,0.23264312021343034,0.2933460980492959,0.7167458432304038,6.370121269937957e-73,True,0.3394208526963527,0.29115051126636354,0.3073728984283637,0.2898860256947982,0.26384486370267574,0.16676584416385196,0.16964916253878642
PACE,3146,2.9102222242900786,2.7201994725875016,0.19002275170257665,6.529492837919995,0.16293279000140404,0.2163702104872807,0.5902920608802962,5.221597567544161e-19,True,0.11905324149521401,0.16026780248074662,0.2724034387083762,0.22667247026637682,0.16784654316607184,0.20072326322415115,0.173738596088461
BANC,3225,4.580220201753898,4.369795735280559,0.21042446647333884,4.594199780891785,0.171225645700412,0.25187898720874496,0.5827300930713547,3.5937802351078273e-13,False,0.1865624116801561,0.3167917181906337,0.17942621454490276,0.165428992270333,0.240257274069501,0.14977230200652594,0.22997687377273213
NYIS,3308,2.5777734951101814,2.4632585089422685,0.11451498616791292,4.442399085301256,0.09594257785678967,0.1330664786350075,0.6064109301103521,1.4578089817299903e-20,False,0.12432744686450801,0.13919248523059227,0.13849318011751563,0.12167004552688851,0.18410758394285623,0.043697423775342366,0.03918709588436623
WACM,3191,2.995647380821861,2.903789084594412,0.09185829622744904,3.066392153346418,0.06049019375995793,0.12209645235263643,0.5141818181818182,0.1419999942808195,False,0.10231097828282959,0.08716922612752678,0.09104750707409262,0.11441605338717414,-0.009666134458707542,0.11065404143243432,0.16134975768883356
ISNE,3300,3.703381455252312,3.6052172201622663,0.09816423509004542,2.650664974055649,0.07314524543678437,0.12130928574319637,0.5605846298915605,2.6182451562200272e-08,False,0.11223597432267726,0.1120129850818364,0.12362777459784328,0.13480210473341,0.18506183492129147,0.008271360045169537,-0.0025808975331286944
MISO,3261,2.2940549319494017,2.242974700801883,0.051080231147518945,2.2266350485388284,0.016447124405855884,0.0870204919238873,0.538623005877414,0.00017593697706884412,False,-0.003323830178961339,0.07065300571197933,-0.007343565681266447,0.048315965748945484,-0.017936193581978385,0.06272243746322533,0.22069234656845238
AVA,3202,2.9655781839757043,2.9310733004752145,0.03450488350048937,1.1635128585357861,0.002124026304000068,0.06624234144970476,0.48758217677136595,0.20038287156868861,False,0.09250466507686658,0.07056421204414957,0.01369663614601583,0.0033567158703730524,-0.15220995428979037,0.06985206402296733,0.17579144765950522
LDWP,3266,3.959952547504059,3.926262156227902,0.03369039127615652,0.8507776512976508,0.010755665154101188,0.057766909206927834,0.4964772193518084,0.7615801574720146,False,0.0088736577603089,0.08017718247484167,0.056711031079119324,0.08523009433577526,0.06709498874533411,-0.07667172665037858,-0.013319599170510383
CISO,3328,3.2707470822951903,3.2488513683773195,0.02189571391787047,0.6694407536551414,0.007867741306953422,0.03639192058283492,0.5293185419968305,0.011444166796057892,False,-0.017434878823430755,0.03447429008696725,0.020312380448405238,0.05713577984182104,0.041998666524451556,-0.01739656568348916,0.027110009958617634
TEPC,3197,6.363164846207216,6.333474562595832,0.029690283611384687,0.4665961723289579,-0.022776079722873138,0.08163002668646589,0.4798657718120805,0.09310629335399177,False,-0.04896845720738315,0.07317762831392663,0.08825469141214931,-0.008371611943169722,-0.06589006884343583,0.03530344629104991,0.14206285787067097
IPCO,3210,3.106556488508662,3.103366304114059,0.003190184394603003,0.10269198086059873,-0.026400352900368372,0.033901831249139654,0.48153967007069914,0.06529029396691975,False,-0.014462295975676196,0.006623379056679518,-0.01674711569141423,-0.03866489229389928,-0.09853110673468334,-0.020452512933623268,0.24580808263901038
PGE,3235,3.008668392582929,3.0247202431304667,-0.016051850547537647,-0.5335200976986767,-0.04433162170895516,0.013476194434685092,0.5038971161340607,0.7076078819587099,False,-0.028087061668585198,-0.004328737004215479,-0.049964248296558475,-0.06564867954132451,-0.10965292731129171,0.02715039094923348,0.14106457630993358
NWMT,3233,2.269117801981639,2.2860688280967127,-0.016951026115074083,-0.7470315600305376,-0.040656900046817206,0.0065660926235381785,0.4902173913043478,0.3130521967174311,False,-0.03304412779109194,-0.010348219943560288,0.019088736115632606,-0.04208025529393719,-0.1604695364278033,0.05186463881053228,0.07666893255766072
PACW,3029,3.4304726130183876,3.5019808282013294,-0.07150821518294205,-2.0845003954141395,-0.09889212141034699,-0.04328420371075503,0.4603505843071786,0.00011198588177253397,False,-0.09620129253507845,-0.15230590296666172,-0.13388116093857003,-0.1121565395680857,-0.09259183888490197,-0.010537836557327296,0.16108309107742041
GCPD,3222,1.882256223830037,1.9240646190053179,-0.041808395175280656,-2.2211851206000235,-0.056290031631336584,-0.028019299429064837,0.45454545454545453,1.4193055721538697e-05,False,-0.04779452021979796,-0.033386549590023545,-0.00831139655131382,-0.05167656257063947,-0.06901356658688033,-0.06467701249441384,-0.018566331643350534
PJM,3244,2.7195397584988985,2.7844290020081726,-0.06488924350927434,-2.3860376854755447,-0.09999273039347233,-0.031084118605047433,0.4932343954604976,0.5308186139510551,False,-0.13766474173672907,-0.0726336817309144,-0.17767448679123593,-0.14943010612333169,-0.07821740017511561,0.06280185692171408,0.15149158812084068
FMPP,3366,3.9759646541687443,4.075416975215564,-0.09945232104681963,-2.5013381580881315,-0.1388412733620122,-0.06235880851109346,0.43757881462799497,7.314423943087852e-07,False,-0.10744870869937748,-0.0308158569554808,-0.1336983260535217,-0.17987240643346628,-0.2290081300913348,-0.011232306017001845,0.006468575219750218
SCL,3217,2.3017233372782293,2.3702378557687003,-0.06851451849047073,-2.976661763854236,-0.08797113525333934,-0.04965153862340329,0.4642346208869814,0.0001666058514754703,False,-0.11118834411475474,-0.0787767553418134,-0.12321633588154948,-0.114110791262616,-0.03279397063686565,-0.0018345408311986164,0.005624531926739042
SWPP,3139,2.7905611143423266,2.875544219442694,-0.08498310510036704,-3.045376955322323,-0.12416931348595682,-0.04385531440681592,0.4554054054054054,2.868198701935539e-05,False,-0.07029799992429392,-0.14693545468210342,-0.11455893758126885,-0.10575624813706723,-0.16236601970223036,-0.06295486328563098,0.11441370671582242
SRP,3219,4.4731224313259625,4.614572615883437,-0.1414501845574749,-3.1622247485755715,-0.18094163970410326,-0.10226962626732158,0.40431266846361186,1.7261466431505244e-13,False,-0.23105803450701318,-0.09187841518309697,-0.13266498220258888,-0.18242921635112486,-0.2638596024230968,-0.07843552836594463,0.009246183764599855
FPL,3399,3.4961881627244034,3.6073180719365108,-0.11112990921210757,-3.1786020671584683,-0.13950095974639432,-0.08537157931069468,0.3785644051130777,9.067467859282631e-15,False,-0.08079730949370968,-0.10832246668607205,-0.11553602254694859,-0.11759121850260401,-0.17940545405025063,-0.09082337036874535,-0.08100360570864028
WALC,3181,4.769623039919962,4.9405278218818,-0.17090478196183845,-3.5831926450251794,-0.21914839688198942,-0.12420915920624137,0.43738819320214667,3.469198455847905e-09,False,-0.2819953948510646,-0.20358401846376753,-0.2161640495392826,-0.13857507876370206,-0.21033653759725376,-0.10381122930318938,-0.017591938045089583
AZPS,3301,4.664252675395808,4.866505441819277,-0.2022527664234685,-4.336230914126139,-0.23930476022005773,-0.16491651532389445,0.40813883901855175,6.072369402116559e-14,False,-0.27146646322198714,-0.22079781640416915,-0.15665648162520165,-0.24328020153682922,-0.3303489374504106,-0.13671001375973796,-0.03448278133813274
TEC,3388,4.438461594756612,4.637333674838118,-0.19887208008150534,-4.480653393879613,-0.24915992509003662,-0.15103916939732992,0.4211143695014663,7.843027895331435e-11,False,-0.18727019087447122,-0.22278840253953133,-0.1293129516821754,-0.36135727715620114,-0.28599521425862207,-0.10126407840207058,-0.09289159161137689
PSEI,2719,2.820466055179595,2.955267655617737,-0.1348016004381419,-4.779408714761446,-0.17063072242902075,-0.09865838643463701,0.47319544111439427,0.009618322347313382,False,-0.2537964677106413,-0.10027079574706875,-0.16573741931434866,-0.19980197166418479,-0.1601949100511988,-0.051808958434703775,0.023459752875626235
SCEG,3260,3.9822213248578664,4.181135524907773,-0.19891420004990681,-4.995056372388003,-0.24755362072990608,-0.1506258451298102,0.42105263157894735,7.064943633097335e-13,False,-0.2375893271673633,-0.15991249867308963,-0.22853603275149165,-0.25693509733872505,-0.23078797799985065,-0.041105506095014836,-0.21982263762483448
ERCO,3272,3.0729823069171394,3.2272453070605835,-0.1542630001434443,-5.019976841266073,-0.2011815848244534,-0.10327598914500169,0.4902615470228158,0.4225280576460462,False,-0.0805901137566489,-0.25199048204502505,-0.165688402166871,-0.20732851039214964,-0.23356901438280592,-0.094034295238837,-0.0001855581510017396
JEA,3310,4.648709533191158,4.899457459523937,-0.2507479263327788,-5.393925444093086,-0.30964190075522585,-0.192658896147318,0.4521484375,1.6176826261079666e-05,False,-0.4259666102833532,-0.17363229208937384,-0.14849160552746396,-0.2655661404588741,-0.2893163975750277,-0.3297548530170937,-0.1388720421857962
TPWR,3208,2.7229127205948505,2.8799257192583294,-0.15701299866347904,-5.766361788826555,-0.1905137102323889,-0.12282117274958942,0.479108635097493,0.026366294640044006,False,-0.2632790284569915,-0.1830114131781926,-0.19001296779319723,-0.21955212818294537,-0.15562593813892198,-0.01944224353903599,-0.016638202542066206
BPAT,3223,2.3968988511767435,2.548915968518667,-0.1520171173419237,-6.342241653930944,-0.17788919750568843,-0.126462398121633,0.4148975791433892,1.1313645410811486e-18,False,-0.3095200887599812,-0.13246875303524455,-0.16480567070815466,-0.20855343820569328,-0.15731545493377122,-0.07832378361165712,0.018884888172251806
FPC,3382,4.726261754094735,5.043310971912768,-0.3170492178180328,-6.70824500025518,-0.38362278295702956,-0.25416921843606416,0.3686635944700461,9.502908073176312e-25,False,-0.27123716331714764,-0.30515175856511895,-0.3212253185736987,-0.5479942989821678,-0.5470626313162906,-0.10954797309460287,-0.07527205079152809
DUK,3257,4.089372471676357,4.395087265671299,-0.30571479399494245,-7.4758363566139225,-0.365546452800267,-0.24794426252777085,0.412082957619477,1.2226518687156933e-16,False,-0.3940091525786096,-0.312294438422653,-0.43299953679969033,-0.2709664586750658,-0.2554633393868495,-0.20887633456808852,-0.24143052100721496
SOCO,3210,3.513718243482068,3.796012343959094,-0.28229410047702547,-8.034056259367972,-0.33391888395076913,-0.22717749497331133,0.4327603640040445,2.414185129339504e-09,False,-0.3340159771498815,-0.32851148750885867,-0.41638166908951574,-0.24544181461971382,-0.20061206880127927,-0.159025239365296,-0.2707191089597134
CPLE,3237,4.897936136074846,5.306815093523448,-0.40887895744860225,-8.347984663113095,-0.4886080072515188,-0.33236322770399146,0.4574806730331969,7.227940262757984e-05,False,-0.65268868121319,-0.3662899359930295,-0.6053935241437679,-0.41483630914904884,-0.3016851306183208,-0.16947635554063073,-0.30501732293339473
AECI,3238,4.971026198738108,5.410116713966237,-0.4390905152281288,-8.832995395188053,-0.5149744052361759,-0.3640461255955555,0.4219858156028369,1.3150037304579104e-13,False,-0.4601662340073918,-0.42292772336068396,-0.6166494927946212,-0.5378164442897838,-0.5147521502724255,-0.29409600817892345,-0.14530637381820574
LGEE,3225,3.8498376153766385,4.2020478456555015,-0.3522102302788634,-9.148703541990974,-0.4055705509157693,-0.3015371599402687,0.3811230585424134,6.456495718809082e-33,False,-0.42670085189671364,-0.32761001045840826,-0.4111282831757524,-0.45614718584503333,-0.2672994635693234,-0.2555324492287023,-0.2956657215590244
TVA,3217,3.8596406871975892,4.234093412537581,-0.3744527253399915,-9.701750906037693,-0.438730822550958,-0.3100274878592822,0.4205312922107159,7.176725419380501e-14,False,-0.45082532773893,-0.4166935733662616,-0.5127945469859866,-0.35104466543885815,-0.2836932635846431,-0.3382411114113993,-0.22943667223162462
AEC,1984,5.409647983232526,5.945542631863095,-0.5358946486305672,-9.906275792650455,-0.651257329560716,-0.42485384460350173,0.4230769230769231,8.341932682263024e-08,False,-0.5949897043565656,-0.2840940737598168,-0.7658643591404821,-0.5703082966224264,-0.5324138207561204,-0.5086657408501669,-0.48831190386555484
SC,3157,4.374931112029535,4.812031982665568,-0.4371008706360321,-9.991034360156142,-0.5067507944734891,-0.3698613453333201,0.33461117196056955,4.8719037249295246e-46,False,-0.6177080123401119,-0.36594269860328893,-0.42229477065357984,-0.4602475132904509,-0.4907189134900458,-0.5134555336767483,-0.16360159126648324
CPLW,3223,4.441769644561297,4.900179117940455,-0.4584094733791584,-10.320424291711202,-0.5281779826155735,-0.38843678259491626,0.43418940609951845,5.390642950538382e-11,False,-0.5815399188152403,-0.4872824226817779,-0.5544162433406027,-0.537421441135465,-0.25724030062295744,-0.24506477889574793,-0.5318111045403932
