ba,days,G3_w8_mean,G3Tprev_w8_mean,gain_pp,gain_rel_pct,ci_lo,ci_hi,share_days_b_better,sign_test_p,needs_b,gain_Mon,gain_Tue,gain_Wed,gain_Thu,gain_Fri,gain_Sat,gain_Sun
AEC,2036,6.958765530228819,6.0199670903218765,0.9387984399069434,13.490876159410902,0.8126252188082624,1.0758464542565649,0.6854700854700855,1.4402807928226957e-37,True,0.764787437431209,1.2413044487150657,1.3341768062401693,1.0755178837316337,0.8233025497384416,0.594517291264479,0.6272062290142847
AECI,3364,6.24568094435495,5.418777737190715,0.8269032071642345,13.239600526050191,0.7470843092444833,0.9054352882463753,0.6609049313675648,7.240047740823731e-47,True,0.8962731951157337,1.0136447877286958,0.9794282359512054,0.8740499392298814,0.8498273282233645,0.5796967465930264,0.538369680036605
PNM,3375,3.463432886641407,3.0310909780447046,0.4323419085967017,12.483045658666029,0.3938189647756068,0.47166806831031427,0.7422892392049348,1.754585343733889e-79,True,0.45403092560405944,0.476453526146518,0.483031062777055,0.45414197380750454,0.506699299808254,0.33878299644508825,0.2894709866161027
IPCO,3371,3.6235108314180557,3.1825432854179616,0.44096754600009386,12.16962130143604,0.39746207926402877,0.4830873221394528,0.658175355450237,4.053553063676712e-39,True,0.4337336832797853,0.5677417589097148,0.4899445408504556,0.5207011084514079,0.505990450983734,0.2560507205681397,0.27297831284667295
AVA,3326,3.3955098572401727,2.9840129953893766,0.41149686185079587,12.118853402041227,0.36900292895629766,0.45263693413324363,0.6487804878048781,8.660411004966358e-34,True,0.38025008767833146,0.5135914839405235,0.5370853311302689,0.4790092699631126,0.4549066405672587,0.23526670822576612,0.23197520029064264
SWPP,3253,3.3328100803053915,2.9400105127951686,0.3927995675102232,11.78583711779431,0.3525970140184953,0.43405442777055325,0.6632707774798927,8.193340488854225e-46,True,0.4539485363200119,0.4987376225790606,0.4383875317737794,0.421249960959535,0.429068764102093,0.2752800758773349,0.19947574451262715
MISO,3369,2.628517888033085,2.318869756424288,0.309648131608797,11.780331913225295,0.27874403117263885,0.33929544391483035,0.650330396475771,5.279719849965536e-38,True,0.28983554764399555,0.37927940725516407,0.3688598999341754,0.36362627134432624,0.3117630556324579,0.19488843837705236,0.23946857755942816
CPLE,3350,6.2131836665636095,5.494934095784848,0.7182495707787607,11.560089147920047,0.6372566847211907,0.7954310704585588,0.6442922374429224,5.312992595765762e-42,True,0.8026580669179982,0.7087299126786922,0.8973692816532508,0.9066159828154785,0.8475002295469732,0.3518727263425137,0.43749011250126185
JEA,3376,5.637877954947342,4.99977823830009,0.638099716647252,11.318083182118329,0.5573700354379865,0.7166782879291503,0.6695906432748538,2.1343987389761332e-45,True,0.6101882244268435,0.7176516328998706,0.8421252087400989,0.8319012786528491,0.7605811116761535,0.3015799060941002,0.32207668829031905
ERCO,3376,3.773124946409783,3.3486203309811136,0.42450461542867,11.250743653018862,0.37686505869243264,0.4766248186611319,0.6703354297693921,6.632811888148702e-51,True,0.4922373048848851,0.5445751186014065,0.5130816859183072,0.3741791959161191,0.5028180732379758,0.2634540301933765,0.24599161947314382
DUK,3362,5.101062229080684,4.535023683093122,0.5660385459875622,11.096483841358156,0.5034191527036332,0.6295035733191576,0.6606229660622966,6.37054644221504e-51,True,0.5568781278075259,0.6297235788752151,0.6616204307812807,0.6992413582079383,0.6295187697016105,0.17365174973465086,0.5628021926169716
EPE,3353,4.611247475716486,4.100018635356786,0.5112288403597,11.086562650387057,0.46010484700447657,0.5645116388332693,0.7245070422535211,1.893328279068411e-82,True,0.48250198602727473,0.5918367579940295,0.48390929978952085,0.5853641876825306,0.578681004214988,0.3921573322463525,0.43994422906554687
PSCO,3352,3.7861880410777147,3.3729493952555507,0.4132386458221645,10.91437195772608,0.37223071071017366,0.45603670607292024,0.6210810810810811,1.5656108815857479e-25,True,0.3701113906907535,0.4013276000762044,0.4897480393462461,0.5191162510596445,0.5626181761355048,0.23613612837361356,0.2763831788633984
PACW,3115,3.9744307973428996,3.5415832537400704,0.4328475436028289,10.890805895833147,0.38834803738394835,0.4775523068209943,0.646095717884131,1.230857374142117e-31,True,0.4266666012068624,0.5143742386549519,0.5293167752325978,0.5525053209360278,0.47506178720886527,0.23359454687047762,0.2681766053645561
TVA,3311,4.793424268060978,4.27885964747913,0.5145646205818476,10.734802341833968,0.45986959524887827,0.5728687675292216,0.6540642722117203,3.5030049427665237e-46,True,0.3585100517336314,0.6142136372527813,0.6531862388051906,0.6274802192084339,0.546414095472818,0.3082410216321204,0.43281735060269594
CPLW,3345,5.63562675006585,5.044748498306539,0.5908782517593101,10.484694568397488,0.5267438538102555,0.6558733067904378,0.6581280788177339,1.0815248693704563e-46,True,0.6718457087962447,0.7338575438374887,0.7008019763745734,0.6947131171836909,0.6211292940352923,0.27528627664766536,0.38677145357015624
SOCO,3292,4.314038871702411,3.8669038206659585,0.44713505103645235,10.364650489577148,0.3952551579562211,0.501258347811722,0.6680040120361084,1.0635315794495168e-51,True,0.40605233869876534,0.5291913475375789,0.5627305700983577,0.5493072558109791,0.5100168911091301,0.24614005398449995,0.2696349828122018
SCEG,3358,4.748788461743528,4.262456632820008,0.4863318289235202,10.24117694105419,0.431330792599887,0.5388128224073407,0.6652003910068426,2.8299458741215535e-51,True,0.5865878380362977,0.49364932814494544,0.5756351151170478,0.57528507456209,0.5521545284578588,0.27227371698637826,0.3077393373246338
GCPD,3365,2.2171822807020227,1.9908373318011752,0.22634494890084714,10.208675708394166,0.20364558866360677,0.25010881219332043,0.6918117343649258,1.0924673632567719e-52,True,0.22004931053208182,0.269254433185028,0.2997137201246201,0.27735541092779814,0.22721067592887959,0.12860822837873132,0.1397234904309877
SC,3227,5.4046923751645,4.862625494918642,0.5420668802458579,10.02956028980945,0.4698812335379893,0.611858823654361,0.6603260869565217,1.2321191938809393e-43,True,0.5666130641859494,0.545669832522313,0.7836484988047699,0.6251805633040606,0.5790270771115906,0.19677077425880535,0.44150895462526946
FPC,3458,5.639750068205376,5.099494414428783,0.5402556537765948,9.579425457563042,0.46441783524571356,0.6188373353555449,0.6439674315321984,2.155448193517332e-26,True,0.45689734477991173,0.6195236182646096,0.6531942076820191,0.7923964336088528,0.6239046029199886,0.26112450660822134,0.3417159842188862
PACE,3109,3.057906730866338,2.767082233417516,0.29082449744882216,9.510574489184254,0.2603115915250755,0.32109172217572113,0.6386706948640484,9.166396933453543e-30,True,0.25252852094733563,0.33244348965415804,0.3390049303190438,0.3594160277705689,0.36048650470986343,0.1976511226017808,0.16720480758255865
NWMT,3346,2.581821701512333,2.3389536839354004,0.24286801757693274,9.4068470117309,0.2167156630461682,0.268305341860382,0.6133704735376044,6.331782321436591e-22,True,0.25058764763492963,0.27839713709994257,0.3004653420209525,0.31955588025734993,0.2880125791506806,0.10459875069765885,0.13259462765887478
PJM,3344,3.136819527699942,2.847613459097138,0.2892060686028036,9.219722908791715,0.257146869159961,0.32301662332351755,0.6329757199322417,2.742771181751987e-29,True,0.2915120007182836,0.34823389986828346,0.3941826355736211,0.30480717500986954,0.2954370211562641,0.17329893175914649,0.18911051453721117
LGEE,3338,4.654448589451725,4.240403586671431,0.4140450027802948,8.895683233426102,0.36812835890565393,0.4627285175383788,0.6454320987654321,1.4746114569336818e-39,True,0.3620281869284542,0.530334790616524,0.5120589302024406,0.45759020234135095,0.39920697510096814,0.31431249583152904,0.28265569173419625
BPAT,3376,2.8288010787577575,2.5807063830970356,0.24809469566072223,8.770312537128655,0.22186365801041918,0.27457094673184795,0.644,9.492280350552973e-34,True,0.23650369920094966,0.3002881343539838,0.30830153663685755,0.3253700542568196,0.2895286184099941,0.11888781576460565,0.12862067919032427
SRP,3287,5.000258514745098,4.584628912615688,0.4156296021294086,8.312162279285603,0.36965390153923394,0.46445344020222395,0.7280453257790368,4.797639994537964e-68,True,0.4620700629380409,0.44578279321394415,0.5154124667697033,0.5472976824306468,0.44297595994049566,0.2242018489950992,0.23182707786407925
FMPP,3389,4.476795027524957,4.104707825814401,0.3720872017105551,8.311463880361469,0.3166946390737516,0.4284090296055613,0.6434108527131783,4.394027167854616e-25,True,0.3000205530280706,0.45341484823652944,0.4720867877604114,0.5566938646679436,0.4290555101950196,0.17284619513072436,0.19164639074478504
WACM,3299,3.2460815964778194,2.978799218579398,0.26728237789842163,8.23400059285133,0.23907127332167966,0.2967364356363313,0.6095965103598692,5.3960492698589306e-21,True,0.30436526489056553,0.27912289863062073,0.2912581327319073,0.3240835625647216,0.3455350134311123,0.14423134668784016,0.16617010716412203
TPWR,3382,3.1734818125557216,2.9201609363497636,0.25332087620595845,7.982427225632965,0.22341187822942166,0.2833414791070088,0.6130334486735871,4.109357036985135e-21,True,0.30884914444694633,0.3176961148893411,0.3180001646307294,0.31189072006401297,0.2916108951774643,0.09369937394157031,0.10491911054168375
NEVP,3307,3.638704342203418,3.3520588033708325,0.2866455388325857,7.877681500745604,0.2567024848285977,0.31864659546656604,0.7488731487443657,2.8263297557486493e-89,True,0.32246988814584676,0.3332557042232435,0.32630919729270397,0.31444312992108203,0.34480244080407024,0.1657772242989815,0.17630051038829161
PGE,3352,3.28750511265441,3.0504262902987747,0.23707882235563535,7.211511898279976,0.20847773020370086,0.268726275584288,0.6100917431192661,3.3146706716494426e-20,True,0.2791079399456874,0.302298789990429,0.29005390441155393,0.28138198524028657,0.25277266875303533,0.10533600823917162,0.12530489850416057
PSEI,2856,3.2468182813645337,3.015183458610671,0.23163482275386296,7.1342096378893824,0.20050290154232234,0.2647858479478595,0.5742160278745645,2.0664112283182263e-08,True,0.2765759212438005,0.2780910060206704,0.29732908760162186,0.3162924883386956,0.2725065374373513,0.0675648789376559,0.08123139253932413
BANC,3272,4.712896995342761,4.378432676859072,0.334464318483689,7.0967882135808065,0.29475151493813134,0.373433170400024,0.6590314136125655,6.194651493465542e-36,True,0.32798375379566624,0.4233285817365055,0.43981107767561994,0.4055286502872816,0.35074828369657285,0.1431309133329923,0.21446744836408016
TEC,3452,5.0052352298087355,4.687046897041679,0.31818833276705744,6.35711046849673,0.26452650374688,0.3684579940542182,0.6282843894899537,2.196414566813837e-20,True,0.28809116953858177,0.36808513144228605,0.41752211655007837,0.5114565908314597,0.3360333829338749,0.15417820205131344,0.13030526289114927
TEPC,3285,6.740437615819163,6.330507970034203,0.4099296457849587,6.081647352137686,0.3548396823154208,0.46539548106039147,0.6900121802679658,1.192941650354764e-54,True,0.5040492353681816,0.4313031504566197,0.42871365513468335,0.5410348721885261,0.4605025658889176,0.2797021901945819,0.1935785175661423
AZPS,3390,5.169207352155541,4.855434449235172,0.31377290292036975,6.070039012645286,0.2751927392269487,0.3530431742700877,0.7072829131652661,9.166557939021086e-57,True,0.3200991306074556,0.33921183478270167,0.3936111143499689,0.43167849083544313,0.3449614695732734,0.16685747839863876,0.17042746882278229
SCL,3346,2.517154254553886,2.3715996341864303,0.14555462036745545,5.782506976047522,0.12801805697926386,0.16381932584564787,0.6100702576112412,8.207267014009802e-20,True,0.1715521510285581,0.18559981800232,0.1881457576060785,0.22690515412616574,0.1793457453396282,0.022323569999314296,0.02153138033359353
NYIS,3374,2.6270365491266974,2.525396997245991,0.10163955188070681,3.8689812638691574,0.08388575746704113,0.12024258418308832,0.5812417437252312,2.78892619611701e-10,False,0.10102561441520767,0.1328085942024092,0.14351862270824964,0.11895629668036364,0.12480921179523398,0.033898894290510996,0.04278738110309771
WALC,3285,5.202203077040811,5.043769311854496,0.1584337651863157,3.045512888290362,0.1252113203346438,0.19110610429894925,0.6451149425287356,1.4564377964925348e-27,False,0.12640214775618583,0.21246149865436353,0.19969241907155252,0.24037759376780554,0.23575461191071345,0.0334335225384374,0.03589135598539924
ISNE,3375,3.7551619424506653,3.673984972400731,0.08117697004993461,2.1617435224899384,0.05907129062208042,0.10265291950910682,0.5398126463700235,0.001082726309217537,False,0.10494743624886008,0.10497327752663647,0.1556447464990009,0.10584198394313118,0.10033333918085927,-0.015448179844077136,-0.005500411754976495
LDWP,3343,4.016009546078476,3.941496235428767,0.07451331064970933,1.8554067114324853,0.05489255405283588,0.09490859633482358,0.5397350993377483,0.0007767329768764443,False,0.08544107745855956,0.1443616456008512,0.08642925594195353,0.09191853275166802,0.11611243296761814,-0.03325109931632496,0.010853300251107109
CISO,3363,3.282575940033035,3.245939151750746,0.036636788282289084,1.116098727084449,0.023769501429315366,0.049872666624628845,0.5556167400881057,2.3432127675063937e-06,False,0.025570461977331267,0.05584276037008326,0.04693866765328382,0.04821166748678657,0.06967609060857895,-0.020619643509440108,0.021876326932172667
FPL,3419,3.7493384719395704,3.7215793144169216,0.027759157522649423,0.7403748082602244,0.01677536550927074,0.04250249288730387,0.6035634743875279,1.3224575569379352e-05,False,0.02541634061334412,0.02478566700257495,0.027425476310811523,0.014986319770951377,0.0746325382409701,0.011032385164777083,0.015963125759614945
