ba,days,G1_w8_mean,G1_w8_median,G2_w8_mean,G2_w8_median,G3_w8_mean,G3_w8_median,G5_w8_mean,G5_w8_median,G7_w8_mean,G7_w8_median,G3off_w3_mean,G3off_w3_median,G3off_w8_mean,G3off_w8_median,G3T_w8_mean,G3T_w8_median,G3T3_w8_mean,G3T3_w8_median,G3Tprev_w8_mean,G3Tprev_w8_median,G3T3prev_w8_mean,G3T3prev_w8_median,G3T3_w2_mean,G3T3_w2_median,G3R_w8_mean,G3R_w8_median,G3Rprev_w8_mean,G3Rprev_w8_median,G1_w2_mean,G1_w2_median,G1_w3_mean,G1_w3_median,G1_w4_mean,G1_w4_median,G1_w6_mean,G1_w6_median,G1_w12_mean,G1_w12_median,G1_w16_mean,G1_w16_median,G3_w2_mean,G3_w2_median,G3_w3_mean,G3_w3_median,G3_w4_mean,G3_w4_median,G3_w6_mean,G3_w6_median,G3_w12_mean,G3_w12_median,G3_w16_mean,G3_w16_median,G7_w2_mean,G7_w2_median,G7_w3_mean,G7_w3_median,G7_w4_mean,G7_w4_median,G7_w6_mean,G7_w6_median,G7_w12_mean,G7_w12_median,G7_w16_mean,G7_w16_median,G1_w8_peakerr_mean,G2_w8_peakerr_mean,G3_w8_peakerr_mean,G5_w8_peakerr_mean,G7_w8_peakerr_mean,seas_G3_w2_mean,seas_A1_mean,seas_R2A1_mean,seas_R2A2_mean,seas_S4_w52_mean,seasonal_days,wx_G3_w8_mean,wx_G3R_w8_mean,wx_G3Rprev_w8_mean,wx_G3T_w8_mean,wx_G3T3_w8_mean,wx_G3Tprev_w8_mean,wx_G3T3prev_w8_mean,weather_days,best_G3_w2_mean,best_R2A1_mean,best_G3T3_w2_mean,best_BEST_mean,best_BESTprev_mean,best_days,share_morning_peak,regime_switches_per_year
AEC,1440,6.373178073628825,5.012869929358395,6.3023458266857055,4.927664245419056,6.346668485979449,4.983097865684061,6.480049733538007,5.0391252792183,6.70357659319799,5.142780137670938,5.793091500162395,4.381828541073448,6.425398202669738,5.097760786632801,5.592804068183098,4.469068335560577,5.2386772330161815,4.03872033000285,5.506146770200615,4.486882943189665,5.223876001977595,4.095980314104902,5.379945105289692,4.07653436858188,5.135739368087635,4.326391563795985,5.901044447405286,4.570536339423288,5.625578680425534,4.3687187714698545,5.653840981088002,4.377763769219894,5.769203451330021,4.420687201331036,6.0494823804265,4.707699425760966,7.111285368798905,5.480242350044351,7.89861573822576,6.2296825866774554,5.748526988800962,4.399960780542854,5.749335144793918,4.389631798772493,5.823816701614506,4.395531096570744,6.047039802999899,4.724994385556508,7.095649665354026,5.533437908052008,7.876833197343688,6.14075879312913,6.426927120247405,4.959371016300828,6.442182457279681,4.9182934923394495,6.3735848173155,4.912977300183849,6.5077844802960705,4.991632425690264,7.359294423599247,5.750862791263582,8.099128135294487,6.382908107847673,2.734722222222222,2.8041666666666667,2.859722222222222,2.8743055555555554,3.0409722222222224,6.534301403852812,6.510055078166219,6.244322475581317,6.208177148092176,7.181942792626509,1769,6.574524264141518,5.2753844146584985,6.131199630955953,5.832630202069183,5.529674173906988,5.7249309080039446,5.482949127555528,1800,6.032516008310063,5.952421563598273,5.66734913489105,5.359946000168225,5.350029404643304,1699,0.19455600178491744,77.10833333333333
AECI,2367,5.912404597629608,4.991963302562078,5.893312311443728,4.915485706921885,5.916222631235469,4.931179921772522,6.052995293740801,5.07919984734272,6.25534454127073,5.23276761119388,5.216201173026565,4.453633134916379,5.9926553891896415,5.022378300098474,5.193275270383138,4.529654145908126,4.895959788056043,4.166786806685291,5.153208467111838,4.502543769261203,4.954017367243097,4.184148093559286,4.89023283989302,4.059169104026524,4.711810526105927,4.073252093814458,5.537789351019026,4.61212428062994,4.950218408468376,4.283183602654553,5.0136937339753365,4.3276867938984545,5.095767231762384,4.396854245816454,5.432765920503224,4.66237096699621,6.974385241001466,5.8568914114593085,8.147300619994102,7.027312516595716,5.079343404572101,4.311987672474465,5.148693853585294,4.4118745475210215,5.152707816895933,4.4362029521208015,5.459960836461255,4.652078477967639,6.973330579250612,5.922471248580593,8.156553373277838,6.996397005478952,5.717190001609634,4.858327515489511,5.79156089476007,4.929772741014967,5.595931743653406,4.789823721413089,5.847617761412677,4.992492373508614,7.2767060715987615,6.1684727984348875,8.398084840514413,7.168069758528671,2.991128010139417,3.0549218419940853,3.08745247148289,3.253485424588086,3.340937896070976,5.538136891933284,5.230219485445366,5.086253824668417,5.069305155778097,6.316866599075661,3458,5.888569710613888,4.7349820758325265,5.534864982983366,5.222363997965152,4.933622402748656,5.1717040124482105,4.976589558684212,2919,5.222639195137544,4.947930830994654,5.01101448175124,4.694108740013387,4.697710846703664,2865,0.3489414694894147,129.31115335868188
AVA,2314,3.3761705525613395,2.857730718017474,3.226005743599256,2.6553747207371647,3.231082298909368,2.6683064245652104,3.2758782830477418,2.668551851687275,3.3989407216036565,2.7417836334046255,2.603894416216622,2.1574520983177607,3.2192158989959667,2.62024898391031,2.8327067552100997,2.432194479052435,2.5623818201295876,2.2601038861397114,2.844462300028571,2.4565382721565916,2.664695373114235,2.308004585688111,2.3906086217053217,2.0205845855513056,2.8307166091664047,2.403950632030753,2.9886947478108286,2.56942238038454,2.684973030256728,2.3733111409883874,2.7485629945794523,2.4039412826077236,2.833139478544237,2.48594260883218,3.090709352197031,2.65345278308937,3.9526907139754215,3.2901561843665545,4.441656377919236,3.6263118101425436,2.5529983918866215,2.1564512857511637,2.617546566590585,2.1787213674538775,2.6793725295439246,2.2484943756941584,2.9375795254601944,2.457467457459333,3.8230719485961724,3.107479693173242,4.331111473735315,3.4686940849832615,2.8983149922538334,2.4296528653492095,2.923258331061233,2.4168035148918507,2.8978483095509735,2.417238766496361,3.1301291184363627,2.5548549954473994,3.951312164386409,3.1536850964752565,4.432840512864323,3.5021858299540125,2.9866032843560935,3.0155574762316335,2.9602420051858256,2.876836646499568,2.9464131374243734,2.801550041489672,2.7781137481159104,2.635248827660082,2.611341786695703,3.143724684711465,3415,3.210939696482621,2.8421343532063843,2.995536723381901,2.8296381309585743,2.555592159818347,2.8501068457731416,2.6857824386022715,2841,2.5581494289610385,2.4843348107706205,2.3974024360321815,2.28160238883098,2.3923062084732245,2939,0.3540513336688475,148.05726015557477
AZPS,2517,4.860933230240629,4.067495299163575,4.820304027055801,4.002912125533221,4.850231516755484,4.027879245401766,4.952175621256657,4.125672901023064,5.11317539632211,4.252438925788898,3.8479062109359377,3.2198275789498116,4.9216523287630585,4.054610424178573,4.608286485895169,3.73094294340413,3.9273864923609163,3.3280144798982803,4.589328629426109,3.725102264087172,3.9758797196226876,3.3723232313149567,3.510364116810982,2.8768580991562986,4.45944914276738,3.6423394089443546,4.573813610719078,3.755814767144431,3.6429185042423153,3.0951809297090085,3.775773103715547,3.2284683080090417,3.945831401285468,3.3094768109074644,4.353697198574101,3.671060751857172,5.9770858516960255,5.075493905059522,7.068308792559035,6.101792393012343,3.696245575395638,3.0643277429242,3.805444161768561,3.1691173761553366,3.9359582644303166,3.2653601998134594,4.3279299453384406,3.6050106806213074,5.95950793021911,5.103289712787107,7.060297752959585,6.047584554346458,4.2939932750819825,3.5904885303836447,4.343630435088649,3.616996367387409,4.318957974101647,3.637171140144547,4.6495416066666175,3.7970128766751037,6.163353121378435,5.1993660975452825,7.242022774329577,6.22156623566796,1.733015494636472,1.6932856575288042,1.699642431466031,1.7715534366309098,1.8613428684942392,4.021744038880073,4.378707992405904,4.016497769795271,4.068932604026831,5.127348521085766,3449,4.8302527002302265,4.408730843903371,4.549886443876589,4.600439939507439,3.9750696291679515,4.5524118715920965,3.996799121716685,3026,3.7342017477733003,3.7476620019715665,3.5209673505245704,3.513976062964055,3.547053131907112,2967,0.1921637135013726,58.91597139451728
BANC,2227,4.534052014856317,3.644904527884029,4.313584501181788,3.320342318079711,4.334077317713547,3.337529025078935,4.445066270417059,3.3931331646978378,4.608499394720141,3.5247417476136347,3.570311195397357,2.863107283164064,4.360669281653872,3.3452411121447168,4.019730727526442,3.0525999072083443,3.2693126464922244,2.7353891442620624,4.02120671403184,3.0756059697962903,3.428687444081485,2.793970631833435,3.0732842493530104,2.5724524670241733,4.2095815535590955,3.1616290801566382,4.2510787921458455,3.242952966546795,3.6602119215655864,3.0778038266220147,3.7409029601131736,3.148892575511559,3.826460712121309,3.204135704104326,4.154736176110263,3.3984443538170934,5.422475536450751,4.1568254579059225,6.38099824678224,4.922779559420884,3.4439703880346704,2.7457274140213803,3.5389236681386143,2.851331353888334,3.6102291123649306,2.8689567612381865,3.9460797158101153,3.0445258029272133,5.27018311069347,3.934590144895715,6.289680978986973,4.704164079344957,3.9758699587279107,3.1736543874999934,4.047209415945306,3.2261475237660777,3.9861192672101824,3.1581276156103297,4.247459542019056,3.267556418562561,5.495492466216133,4.066828470187937,6.482289789240423,4.849843185661124,1.5873372249663225,1.534351145038168,1.5433318365514144,1.5689268073641671,1.6178715761113607,3.9478479640724036,3.8653430593824747,3.717185334814061,3.668955366690126,4.43977629541882,3345,4.3959513249264495,4.2710460420720695,4.321615489560479,4.095229781016128,3.305801819062286,4.09479354285989,3.4872530292923907,2895,3.482775208366849,3.4015253129025655,3.1062327582449343,2.9665156325564803,3.1412033310239713,2759,0.08076433121019108,57.07543780871127
BPAT,2404,2.819890635633999,2.502951418625749,2.749380036993279,2.3943618894614525,2.73426183326171,2.3856794635012024,2.737715202522813,2.3713859503389663,2.8279086955794783,2.430986537377784,2.267805359494188,1.9586365489457465,2.693287112966058,2.326339989939604,2.49432178966468,2.1479354058298217,2.335069118708757,2.026800972489727,2.4768043653350147,2.1432269405858024,2.3634170119874236,2.065439149578621,2.177942914614041,1.870524861336678,2.3455907973879766,2.0473229879976307,2.540237303851084,2.2213314098986308,2.3423597739162583,2.0724437244177505,2.382071718721293,2.1261221092927984,2.4362364027965415,2.1479239022841976,2.6177185730463792,2.295073828072769,3.221779712507225,2.885327888088648,3.570029664648648,3.1771956125405665,2.2691295387461734,1.9498974931375632,2.308268021320521,2.000518512225808,2.349884390384681,2.0310382548792107,2.531063618628772,2.186534535779249,3.1474436018635483,2.7765887497643673,3.510731358282278,3.1388597267152454,2.500526849866006,2.1318047490461964,2.5429847845941733,2.191908598151562,2.4888684120197757,2.144188451168456,2.6456662835023907,2.2505077678455487,3.2207652164966842,2.762878874890403,3.5748775672934507,3.1764339130242103,3.052828618968386,2.853577371048253,2.78369384359401,2.7903494176372714,2.8448419301164725,2.4351964480283543,2.379790043199448,2.277226174999667,2.256251475485764,2.698798561776805,3461,2.7045403771892444,2.327716562885589,2.518143505659201,2.491659210234845,2.331215683067179,2.4691490355576784,2.370049510314504,2962,2.3213505448593716,2.237765236157587,2.2333747669133626,2.113174154929295,2.1495065475771242,2935,0.46115537848605576,128.5363976705491
CISO,2417,3.542660931039717,3.0444930820062486,3.215114699998537,2.6711326201399266,3.217289885787021,2.665973579092028,3.2396718818841985,2.7252265980822252,3.3360922205757833,2.8104893291973077,2.789571196077326,2.3374466472743576,3.208004984006752,2.675490342187696,3.1708538056660354,2.659818766705652,3.0658748997961385,2.5378558141044185,3.1669436588221336,2.6702028921476786,3.0793657461374706,2.5795378144746284,2.709172527359684,2.2795349869379375,3.206536064746174,2.6621728703157688,3.2197869503035967,2.6651237306736335,3.0739204864437593,2.7017942716775125,3.131801299010607,2.7290380530794334,3.179199597443543,2.772265623048411,3.349803732482676,2.8730305977752257,3.972561279490492,3.460752884000287,4.366045845332044,3.9000987579531894,2.755024437539162,2.3355036526136135,2.8160071633678094,2.373155947792671,2.8353559486433477,2.35939842223143,3.018037726305756,2.5288326120114353,3.6882835723478493,3.120107149907656,4.128256266694952,3.618371662424661,3.0725333317314916,2.6049324981319972,3.106857825800529,2.6380702319828617,3.0126997932567847,2.530833842515833,3.1511419521037975,2.650192566316478,3.776725212872849,3.223826431489888,4.200331534573177,3.7063932546983196,0.8361605295821266,0.8518824989656599,0.8531237070748863,0.8605709557302441,0.8725693007860985,2.884993876928705,3.562118282300822,3.237779817488962,3.4885881679453483,3.3308508552347393,3424,3.222951772655355,3.2147949349099223,3.2256530667584102,3.190408597165088,3.1009255437226275,3.183020869459965,3.1046825467677164,3106,2.7623705394735008,3.079573482183583,2.7141997355934517,2.9827903484650617,2.9956171775423366,2817,0.03856749311294766,29.316714935870916
CPLE,2291,5.864557539232191,4.916547477233787,5.772716514423723,4.880200926068248,5.783048749404264,4.883174639253692,5.91043114062191,4.879620277308104,6.123682986106123,5.056874479306402,5.258889112743851,4.360211143532912,5.82539271880718,4.896908016856894,5.111216032669782,4.377897559221953,4.844693885794803,3.932639725515212,5.150460493678959,4.415131454162762,4.977670169429356,4.109314503707193,4.919668563480425,3.991301235830829,4.68562940660606,4.122870639892106,5.504446534918651,4.524637601182546,5.165322982298843,4.30793309066372,5.195690952210663,4.372596396181228,5.297040385476286,4.476929154343307,5.530113676690625,4.618558727771624,6.682625617732867,5.715827606950062,7.612736353881359,6.682557043514296,5.199885071671222,4.281492568845841,5.225697667515576,4.382944267343967,5.271840394495733,4.3854333587646925,5.470779367453183,4.566182961066361,6.638433551483966,5.6330214740516675,7.577849695106626,6.642660472876348,5.913546432019417,4.9433977048025985,5.9464080261258605,4.859686293245593,5.769946901171041,4.721613523778332,5.900688691865785,4.779370372468254,6.881848831244231,5.852110304126526,7.798409478681838,6.734836465832651,2.940200785683108,2.9572239196857266,2.9646442601484067,2.973374072457442,3.0803142732431255,5.919384106035114,5.655045505949655,5.5226873706985105,5.4477446144547255,6.386120750993976,3445,5.837166718238413,4.747703114747302,5.5541615453382205,5.194487294336782,4.94550035773305,5.219602781357174,5.056460860942016,2919,5.3751270526301225,5.22747524939446,5.081756263365849,4.816977010601061,4.902893394096058,2763,0.2632892438233092,111.28088171104322
CPLW,2295,5.482038524966943,4.6743904414408055,5.433440978229799,4.614565148079421,5.461405306195907,4.657054886927359,5.584969324257426,4.703277706817023,5.766927687308615,4.887113603359914,4.965682296492557,4.0841325167393006,5.491844159897312,4.690029657258451,4.798952153535231,4.024942730988765,4.573118625222243,3.6937636349578575,4.812891513976815,4.048370920750219,4.624470739972467,3.7510086513814564,4.663382915542383,3.641705000214797,4.325575319791488,3.7998181066221237,5.152398665698078,4.1851764593662235,4.810045004448024,3.878528966558125,4.874622164462393,4.015034406796056,4.958758308529731,4.125640639949168,5.167365212608571,4.384922237213154,6.217748223045272,5.549664977814122,7.0187303826198075,6.380750930605247,4.88338697040377,3.8958593678903566,4.936967651678035,4.034765456029483,5.001691293282341,4.171568309945723,5.165418241198034,4.330093578904237,6.200964318934739,5.523546373754421,6.9951365203065645,6.377189658320419,5.5316593060190815,4.5526743802415055,5.519245394090186,4.558711500195215,5.421685374648052,4.57577852966021,5.5259661949051155,4.666944685808411,6.443722676148223,5.722439172004606,7.178532111643173,6.401845764739465,3.2026143790849675,3.2888888888888888,3.3028322440087146,3.4056644880174294,3.514161220043573,5.340162673860909,5.072754866611877,4.957759256619922,4.891605689704034,5.671551685214817,3450,5.415345856291985,4.344943182980823,5.128524741805977,4.828201720582562,4.602990737173533,4.826177207801919,4.650721441861307,2934,5.015518672241389,4.825854664628204,4.7981439197932705,4.538562231488827,4.561496654519304,2789,0.36034912718204487,129.23006535947712
DUK,2385,4.8626275130929475,4.211137883189378,4.7087152214281485,4.0233666423685,4.722849011052564,4.036353373111083,4.833442271284193,4.049938589316359,5.00431479221728,4.226196024588255,4.188691195327147,3.529484179835402,4.743533906298918,4.050178124860123,4.182490840490732,3.6329130285794107,3.8433878058669233,3.24801334441371,4.207788269720469,3.6871825820227757,3.9498925727374794,3.3471347353964953,3.8574115798157886,3.196618586564958,3.873546571050348,3.401119575448905,4.452734349905122,3.7635537652229107,4.153402728303163,3.5631338255957807,4.220257115568341,3.641154305755611,4.30546621700395,3.7185262972627733,4.535791671378601,3.8656410620633177,5.665722859409377,4.899285284914093,6.542163558135457,5.857811298241023,4.114037871199216,3.4221517576866645,4.163008045571892,3.5158650267143625,4.21423668754396,3.570739631136051,4.4150722483378,3.6819651357377103,5.539685208017627,4.840021099907705,6.439866971588308,5.774497207578319,4.631774114272109,3.938831739246392,4.703167295528513,3.9448101323744633,4.5994465419529,3.8898115893706184,4.757603076918109,4.02800225263979,5.750750021296956,5.009512094388534,6.6236418780176,5.903926184378808,2.839832285115304,2.8846960167714886,2.868763102725367,2.937945492662474,3.0754716981132075,4.70197796537705,4.464841619944994,4.350663201460548,4.284978216505508,5.1688094604899115,3454,4.7441182294600885,3.889391626145353,4.486537853644046,4.205547091162623,3.8687907383837765,4.233998762827533,3.98833858663449,2954,4.222706192742481,4.076234968792064,3.9581172777128324,3.778784611529907,3.842444277795409,2838,0.298879202988792,106.28238993710691
EPE,2479,4.658860029762716,3.89182713594253,4.438206773808274,3.5824164416685753,4.440040817638257,3.5348405228872726,4.521195194150438,3.5992796759265886,4.659390645242598,3.750768104881672,3.43065432479571,2.8902596854324165,4.453102331158616,3.517574157374322,3.904894261611163,3.0528365216032,3.3587280804604056,2.864757191582335,3.9307046376084247,3.0949248214222584,3.486087490859077,2.9161387437594986,3.183479684443544,2.672598231818634,4.4051770141374424,3.463680044215857,4.429070422239182,3.5147000964435757,3.53387627854952,3.1063166754952842,3.6556630677361333,3.173353170705689,3.8102792306582507,3.2747378517739003,4.205999974074265,3.5843785509468327,5.647537805161979,4.604951271304301,6.644798914568275,5.387171045714266,3.323726178323458,2.7881572844312035,3.431499457554125,2.8975420380181274,3.5646263308190718,2.960755839672592,3.9608053813479835,3.243730643734715,5.477697267608488,4.313639953540199,6.52451456212506,5.197935671491357,3.780472444740305,3.230357736692089,3.8267583899250908,3.2038426675256795,3.8529928815361747,3.186591749918523,4.20857546447431,3.4583376730397832,5.653800678292871,4.3747890264961615,6.6789268201986225,5.365077643386026,1.0681726502622024,1.0649455425574827,1.0766438079870915,1.080677692617991,1.099636950383219,3.7225024301665983,3.6222767435105143,3.4617102957358536,3.4953600580411783,4.884697801099418,3448,4.377482869624153,4.3456935243088886,4.366325609376653,3.8609888200555655,3.367143069970952,3.880931459968795,3.4771406870580734,2980,3.342841199688919,3.2167230422471444,3.195298591194331,3.0415908547206567,3.170465651003051,2946,0.02844311377245509,25.342073416700284
ERCO,2394,3.5615787994579717,2.874916068004393,3.4421715377162565,2.6734148421237425,3.443793421936961,2.6734148421237425,3.540091768219027,2.761224588829112,3.6681102419782246,2.8523765898677897,3.050545381361599,2.3846292924996635,3.4615290366210427,2.7038234903522143,3.079738051965804,2.4728789025332945,2.8625362626085216,2.2628471649538326,3.070142822777861,2.499075732310813,2.949153498790472,2.3122831824754404,2.8556383184690355,2.209969365812322,2.907722534270218,2.412416006373266,3.2013730812451167,2.5557525545469115,3.0428444233560854,2.466413749203164,3.095251836697441,2.4901050611461626,3.163995807920859,2.5636394898782573,3.3251608193915456,2.6839887286993234,4.103901721045543,3.3375125138142057,4.689468704640706,3.848933480897286,2.9793885706466585,2.2989557903507345,3.026212828099051,2.3568188895702655,3.068816533379463,2.4121866814971398,3.2096554849715706,2.5378191134501478,3.9961498742393338,3.171345016474098,4.5927652734133675,3.729818856329377,3.4167574239669283,2.696118350138544,3.4130853367164358,2.65788899138382,3.353572339273188,2.677489877650369,3.441544685676918,2.7461992068861933,4.159553610288909,3.2970776265556605,4.736625974764026,3.8689871117247714,2.0288220551378444,2.0050125313283207,1.9891395154553049,2.0246449456975775,2.139515455304929,3.403570482980819,3.3563778778378834,3.2282703305232285,3.2042392285937646,3.749865646407215,3448,3.469448835504067,2.930679301369512,3.265320568498893,3.1056334238332424,2.8921854223916026,3.0995772731644164,2.987873230887205,2955,3.1125957558435715,3.046958602382794,2.9595923634673995,2.802777004066285,2.89585230229247,2834,0.1709935097353969,76.2844611528822
FMPP,2450,4.223703949821801,3.5703526438736786,4.054628991920265,3.337285693574881,4.071338167928789,3.3379790286026116,4.158247020170979,3.4323478940293293,4.299237940882076,3.5260294342040712,3.889503022842055,3.2316792811031245,4.11354741818451,3.396378352519428,3.8459952055747952,3.2665073409265832,3.5851665218461,3.027862243474389,3.799319816447632,3.2676409788617033,3.7190892505936524,3.099078989181595,3.6794799289882567,3.0444421241985555,3.7563736230823768,3.2055586550208908,3.910758124506616,3.2552880170656264,3.9028119640659384,3.3462663095886045,3.927958887985167,3.349284422599998,3.9841291093304414,3.4373433809274028,4.088457536339216,3.4896124601297847,4.501038280615838,3.799847538252242,4.788118102574762,4.038032752294109,3.864166801999852,3.1866258974018935,3.850060802970794,3.224629008615717,3.8767181825108445,3.2190234707655887,3.949445245013497,3.2900385014128597,4.348842349669392,3.6271148187391926,4.643194343553919,3.9096714802834187,4.466004827347078,3.769511459634382,4.355319278162962,3.6107889699183153,4.246458031887452,3.470396965653322,4.259693604320868,3.4703774924123163,4.52280315882873,3.7190263346573684,4.777936127933704,4.013471509310553,1.463673469387755,1.4881632653061225,1.4914285714285713,1.5444897959183674,1.570204081632653,4.500156597608114,4.397889243274356,4.230626629795673,4.167699636108214,4.436073684572453,3405,4.220999491412984,3.829001440709652,4.000880173547135,3.937971584703869,3.66477440039661,3.8819681398104144,3.8084247885846954,3054,3.9773193979772983,3.837371677958133,3.7664513316958783,3.5152668710628148,3.5836131080198976,2870,0.06786074672048435,39.95387755102041
FPC,2562,5.069655716007283,4.11644668646659,4.946651548596871,3.973153568792963,4.976655556240517,3.997310754684782,5.086197881566878,4.095122445251825,5.269505182593473,4.232007173730233,4.647695786095718,3.7472546929430237,5.021654765496158,4.046280350662495,4.679692148516129,3.915321413204195,4.259218397958053,3.480950846310874,4.593038197923407,3.9118085392624247,4.428671534902398,3.59643074637819,4.300391263816799,3.43805342632797,4.413156445456899,3.785662088321562,4.657197938805935,3.8468199544824175,4.574336322477851,3.7569682612407966,4.609454771179954,3.7998917805149146,4.688364879632242,3.8594177386176223,4.866941762378748,3.9579949060290254,5.491927983906288,4.375442881745993,5.950178476769939,4.795578772360223,4.612801633863151,3.669593230093083,4.608383465653197,3.6884621078257482,4.648497308980488,3.7080731519019885,4.783819198669364,3.866319700197743,5.399118205777838,4.302840984626102,5.87026760634128,4.7036005672814944,5.34241231897881,4.3542091386468496,5.282333068786049,4.150395209860061,5.14706036416212,4.072694670147536,5.182716750774749,4.115713304183792,5.622999222993462,4.439246429531215,6.033404974026458,4.805881273210479,1.5269320843091334,1.5413739266198283,1.535128805620609,1.5550351288056206,1.6432474629195941,5.531638859679088,5.427877084764343,5.201281590368199,5.115195579917421,5.576410612133548,3454,5.21565702085399,4.523103059718147,4.865954008125133,4.836678354115908,4.390117530581488,4.722158045346419,4.560513002578631,3109,4.795230490061831,4.657360691887435,4.447058744502798,4.173995103809536,4.233374968247193,2938,0.09367214748380667,45.62060889929742
FPL,2640,3.5118684073902924,3.0006003854238816,3.398512311068596,2.806899103742687,3.4174301528664066,2.8356624727158515,3.4815951302219585,2.881604768584757,3.5890754046964366,2.9772779020429025,3.3237811652693767,2.7422493953697895,3.4473474293502337,2.884933160409579,3.3963715341596115,2.8299260019731713,3.1319462505580256,2.6241736235730198,3.3848846547136984,2.8277644048440402,3.2409866919297987,2.650505157972729,3.1616839123664016,2.6477830613641595,3.295546221825594,2.7807461069083557,3.3404629799458028,2.7932431660798267,3.2919777829887757,2.8273818361165537,3.3077773479877757,2.833821059546292,3.355167911062722,2.851374979010292,3.4294475763595798,2.945637086802752,3.711153355291013,3.2157024786230926,3.8931484479939806,3.4031026293490667,3.3095342578486906,2.7372907746388675,3.2957087071773126,2.720987853275547,3.294296530336895,2.707782450777783,3.3368803776926335,2.7475740220669094,3.6264486581743367,3.0333064743435445,3.807902538735525,3.2790753221400655,3.8251787816005383,3.199573768227917,3.6729165094729312,2.9986831712202777,3.5907865918556046,2.9407210034773508,3.5487341866287863,2.9040459164649675,3.7609098459939823,3.1543493824268163,3.912661967497233,3.367789665614526,1.2424242424242424,1.2109848484848484,1.225,1.2337121212121211,1.281060606060606,3.7662981702860523,3.662246529013315,3.5389362894775864,3.5159315499567234,3.697638364907828,3373,3.5264460773986426,3.3933567097275317,3.4409270366046276,3.5024519077647156,3.1931272885008277,3.49296040174368,3.322418914714695,3195,3.393211674131293,3.255972309585184,3.213511716079168,3.0183318822845315,3.118655475931114,3058,0.036905965621840245,22.966477272727275
GCPD,2461,2.1889602505297687,1.9211602610928655,2.157248939889968,1.8979568668253715,2.163924749132917,1.8991304407555298,2.1885742750097013,1.9337692976356728,2.2591484623724973,1.9891000722109045,1.7581597762563765,1.5725026502462485,2.1405160969224855,1.878245161921727,1.9221120429090723,1.7016489533236252,1.803633271270748,1.5766145265065459,1.9372867216836618,1.7143143638420537,1.849543585577824,1.6243787768695876,1.7093826069000284,1.497714030999972,1.8794079295618944,1.6769635563056398,1.9322160374220045,1.703581709513764,1.7495282788801718,1.549951362781119,1.7900447997233162,1.5891235965900938,1.848052129315469,1.6284186462807566,2.0103558271682727,1.770266081485923,2.542871536096139,2.243250516278184,2.8631890479379902,2.5754086300980266,1.7538340432555743,1.5240322751979842,1.781158321649394,1.574745519248914,1.8268184656760849,1.6165390709476406,1.9849692021715333,1.7419231019675974,2.516579731007183,2.2066457621790634,2.8389364194531135,2.5439147639415722,1.939813570106078,1.7125791598097289,1.9692287470758731,1.7544163553622432,1.9603982550180945,1.7285689820107908,2.0931223829661474,1.8364149854817022,2.5889109623418523,2.2858855909317395,2.8982095485641057,2.589565520254923,1.8268996342950021,1.818772856562373,1.8224299065420562,1.8622511174319383,1.9540837058106462,1.8143929159426726,1.7443027744516582,1.6849866890269924,1.653044937551054,2.1522113700485574,3457,2.123547063411187,1.8615187247962848,1.9145003000231529,1.9032639376358576,1.7876583813831544,1.918182233455492,1.8361636244156305,2964,1.7777782830567466,1.6901230936353464,1.7321920844899061,1.6235920092193723,1.6597978058954252,2982,0.5590139442231076,63.224908573750504
IPCO,2369,3.4960167275763485,3.065175244522311,3.4002788410429594,2.9300680852746535,3.4122052155208706,2.9472652016306644,3.468650970898738,2.9851264772702613,3.598951419597096,3.0950188466495385,2.728900408447858,2.386930556163415,3.4033401171550564,2.978794252782209,2.983000142737794,2.6578213075947636,2.7065913534427755,2.402476412827083,3.011459061850321,2.6812096584803577,2.8063530386085813,2.486751431418581,2.5328910613962603,2.217058886559286,2.9397626046924032,2.5972636647851837,3.1210753884993983,2.75808154345796,2.7381540558966226,2.4191815394300495,2.8092784348527897,2.4906099702943347,2.907709726067068,2.5577726013915445,3.179107715381566,2.776392840925586,4.153577554783417,3.596291670440984,4.786883091889399,4.063770325560293,2.6725675494910353,2.316015784807242,2.741055816229802,2.3751593533320547,2.8179041837267254,2.441912174364382,3.085400016127466,2.643245226672722,4.093487557858424,3.5625531382270474,4.745848714315217,4.059596345752603,2.9778454088728346,2.5805391773435504,3.083629090026559,2.6630890429616487,3.0418230803889412,2.643404902293156,3.292425838833857,2.853572882854344,4.244534469218111,3.6694758796433447,4.880599787011865,4.163645108558812,3.0485436893203883,2.9577880962431404,2.8902490502321654,2.8944702406078515,3.012663571127058,3.044581098103989,3.224915876728681,3.036236425021384,3.039084577479647,3.524326534359639,3458,3.4040827805227742,2.9524533259435586,3.157385054562828,2.9867026338325324,2.7111943772097074,3.02135494050626,2.823783815184644,2864,2.735092332566455,2.828287261670948,2.575027177584666,2.65046384668629,2.74216625208256,2975,0.4217737917289487,121.49303503588013
ISNE,2436,3.7895096953858856,3.428802897875099,3.6069135987114427,3.2031535564879983,3.6187420753642305,3.206312156436388,3.6716082227234517,3.2433594666282217,3.7909882548709706,3.3432420684239217,3.427265055541209,3.0192294046131067,3.6371761083066607,3.2113686839320046,3.5222841252203843,3.103669665245379,3.4307735483320676,3.0382114073154156,3.5374208741722786,3.1108395668934623,3.5276328466029807,3.0861823378221267,3.4258164059050635,2.9677521755724388,3.612369194412528,3.174893599754926,3.625126202118594,3.192928241980945,3.516357769658496,3.133234021703407,3.5261509233245176,3.163596549991934,3.5543669258654975,3.190647867534286,3.665961948329388,3.318978362025093,4.070347621908683,3.697111673560835,4.302871640785211,3.961235076447625,3.4024271488913205,2.9498103795684227,3.4044573799134823,2.9929807076780692,3.4023822432595208,2.9699607814643993,3.4940715780872846,3.081534534031041,3.8993547605339742,3.4941137643279943,4.1451062535258805,3.7787793340091875,3.755148315015139,3.265213811303104,3.7672307850254345,3.3156117695203675,3.650637852819463,3.199247758550028,3.6998186977307728,3.291107398033705,4.009368625685649,3.599162066695081,4.226430575704001,3.8401281796244895,0.8456486042692939,0.8312807881773399,0.8460591133004927,0.8998357963875205,0.9158456486042693,3.7705857475066207,3.680177477405981,3.5730471082436335,3.615682525939699,3.7410917836563837,3463,3.609579939837858,3.6041042097325597,3.6145517929749205,3.515827775894399,3.432488831022111,3.53123132379873,3.544583773681273,3034,3.434420017680584,3.2955848728245654,3.450184905433497,3.2645829553933647,3.365326252435906,2917,0.026387851630570076,28.788177339901477
JEA,2387,5.2887183663009685,4.396957148731588,5.158494778123475,4.2943376799117585,5.188479415024431,4.318261537137807,5.280127441706111,4.377985063237977,5.442043871326015,4.520768463443232,4.982883521975402,4.076811786730974,5.2471085484920925,4.359018743443312,4.615151009745536,3.9593207396214822,4.460845678347423,3.729105988781858,4.646236271578516,4.019765090359739,4.596452219889096,3.8266218915112358,4.640731551518368,3.794354778286745,4.462786768594312,3.897471658966803,4.820136617438327,4.0710758842049435,4.9252711409450445,4.079628010523825,4.943983184503144,4.09836626323817,5.008004181538521,4.178189123149869,5.118692745930953,4.2522814442978785,5.726156980887944,4.710403690791214,6.183940564652193,5.0547976933745655,4.9516883147020865,4.029831441595819,4.933225432331854,4.027572266684875,4.95248378452382,4.0802821594425955,5.0301687772102515,4.154084284473922,5.618650667321082,4.606164788938419,6.06903964910484,5.012249579797537,5.6047689775487335,4.634078364367331,5.5129556952715895,4.472974132724442,5.356900766078738,4.416204980801331,5.347792074902311,4.390926825046654,5.826586821934974,4.729106732098217,6.234088573071344,5.126902625394928,2.217846669459573,2.2144951822371177,2.2354419773774614,2.252618349392543,2.366149979053205,5.581990650897349,5.424840503616594,5.257423795739185,5.146663699047587,5.683584786311992,3439,5.348626509455935,4.518710731311524,4.979050216240982,4.7699054761352135,4.607335269202483,4.742387879700286,4.693523311599549,2976,5.125086324486798,4.978321430176069,4.8069820144748165,4.49559791086064,4.568320148894304,2803,0.14614614614614616,71.30561374109762
LDWP,2333,4.164940979317888,3.6618596392568774,3.8791961178324077,3.378523556396398,3.8885850857932702,3.3746379365702834,3.9584018477486054,3.4613497669841666,4.071280016301709,3.568970337074015,3.618946933028077,3.1157179274393307,3.930702288864933,3.4343799596231483,3.805468141978392,3.2906499093214725,3.713122375163722,3.232108537598525,3.797439649953427,3.2943366044296596,3.727543858124882,3.2402516651140107,3.4779051017313143,3.0807682074217904,3.855598720051059,3.374284152304425,3.879155440678392,3.4008736099491905,3.7653645597050813,3.38870010788779,3.822953647507606,3.4075942261384635,3.8643061323299337,3.4193272027783195,3.996772696384006,3.5246036422162232,4.542443298583774,4.063342197016958,4.9088641702144225,4.515126591724247,3.5411040386140606,3.134369712702657,3.584707800361202,3.131201937516368,3.5881664458547786,3.1645032517260816,3.720393541621352,3.224881478407429,4.28481377054734,3.756712954528168,4.66908059089132,4.195533214241473,4.088474036670941,3.6286152886522918,4.032708715504533,3.610810888881092,3.8804239988727636,3.4467352426446136,3.9568037575209183,3.4790593910620538,4.4279561329445505,3.9116340645766314,4.780614193499752,4.263503696087614,1.5520788684097728,1.5010715816545221,1.5070724389198458,1.551650235747964,1.582083154736391,3.903313217939994,4.1844440096374775,3.9218763249975237,3.9187461849865377,4.128563153935625,3403,3.925853631823802,3.8954557720606733,3.914771185809839,3.8568406190923508,3.762465295023353,3.844075833314396,3.764195309131185,3006,3.5716976698662397,3.643865989707413,3.508660352944273,3.555962230957642,3.568576034645472,2795,0.06504269211451531,52.91663094727818
LGEE,2375,4.509238229210945,3.8548209870759442,4.389322473285882,3.706613783300506,4.398863527053347,3.7028251148673594,4.488415593305986,3.791907193536079,4.621641383439075,3.8442595393979637,4.025538492262487,3.460663839727271,4.414149639747371,3.7753690341292585,4.0247171159499295,3.52171789091374,3.7493177690188024,3.273584746140145,4.004045243832537,3.5006758255817094,3.8318737224656285,3.294941141216659,3.830323120609831,3.265516379259345,3.6612212959973074,3.22875945171252,4.24320748817249,3.5917902054696658,4.0449897408864945,3.5446776635864645,4.0591387236885375,3.558648068739307,4.10361987580589,3.5953116183884783,4.259169459743844,3.6790736936064654,5.099541219554078,4.403207525673824,5.750715132771167,4.941096064344585,3.9928782579338664,3.4133494018911072,4.006930515492882,3.460492235584071,4.024229190442365,3.4934714489228837,4.167870526476282,3.5490278672542668,4.968069683176159,4.273010663155944,5.623277132340374,4.781439091072913,4.42461362703633,3.782570676410999,4.4736102885338,3.845856409680622,4.34623546914319,3.736991045480463,4.425421560222851,3.7505972217026846,5.142125335638073,4.369458185301277,5.7581965138217726,4.866226335532083,2.76,2.697263157894737,2.6741052631578945,2.8463157894736844,2.9637894736842103,4.379168626720307,4.139280670633474,4.046253412791565,3.9966083049107333,4.690924424669461,3447,4.409717558383027,3.700191627947335,4.277508183122941,4.056415366216246,3.7839926619628956,4.032917840736928,3.8571869492458513,2905,4.078781053348417,3.888947982429777,3.9127869799002832,3.6616579832953073,3.7408130210124484,2882,0.3336663336663337,141.17873684210528
MISO,2307,2.633328904904261,2.3012679539016774,2.471067572403024,2.1136474769171882,2.4728967688225514,2.118060377993237,2.4841189570961872,2.157199652260515,2.5710692367222823,2.2402823938372025,2.0179391126822925,1.7350583040999408,2.443771717298828,2.1033662569316287,2.152173364820206,1.8750242540833097,2.063293817473679,1.8004717788613522,2.1874902870815385,1.8973162323202348,2.1270122462629577,1.8265248687705797,1.9396213225630439,1.6614885028488,2.1744017936426383,1.8735789423052325,2.3747177844411995,2.063627448336654,2.16582950524566,1.9391740334342722,2.2066382872295507,1.9728833593873558,2.261985730797255,2.023775158901643,2.424443111097335,2.1493114589916247,3.090636472907906,2.683654384903403,3.565401102536146,3.121767732840519,1.9903379342952536,1.7274325811936113,2.0556940398272814,1.756332838212833,2.093693715765883,1.8021503802787535,2.258035695180046,1.964202854356052,2.9478603452846954,2.4758132743693637,3.4369021102607094,2.944766772982813,2.1810399867169967,1.8755128247451756,2.2475863839305856,1.9330722878808402,2.214233977801469,1.8974794795865817,2.364121380935281,2.0723980825092534,3.0183059348259573,2.5757218589173942,3.4928773954662224,2.960841423420389,2.871261378413524,2.6640658864325966,2.668833983528392,2.5491980927611615,2.719115734720416,2.1983621663942094,2.105268388437132,2.0338738072287934,2.0253564614760937,2.5206707643894437,3451,2.464671321906964,2.183801475667612,2.372510977057907,2.171045411057957,2.079013959111932,2.199222454289012,2.135194037642301,2903,2.0577566043247364,1.981596175098758,2.0000835145576557,1.918270092351154,1.9725773049174207,2853,0.19186626746506985,107.0260078023407
NEVP,2510,3.4844163173670606,2.7277710722897357,3.4317587512642196,2.6477114401011255,3.4615219068569694,2.696772317944967,3.5362437617712863,2.732962296495346,3.6502564011147456,2.834610791963375,2.7601377094705275,2.235287753803574,3.492727645669885,2.756926846084014,3.1689746000533665,2.4141328037636685,2.704445987292994,2.1744243616377292,3.1746147987671733,2.4105449677134434,2.7943722205284165,2.214549305930942,2.5297126619158976,2.0695321181674746,3.4414211638005208,2.6790923135661227,3.4499181610398484,2.6849302960179804,2.668796758131887,2.2139570571196856,2.7336760907014996,2.2419336733283752,2.8385543840733334,2.3083279771776457,3.131014999542933,2.4723545155454048,4.305162418574425,3.352824813151279,5.161174942985023,4.073302214673018,2.6837855803765076,2.1612311073250305,2.7312963385972804,2.2142650482957853,2.816575625282387,2.2301689801136653,3.100693662877327,2.4445057516467115,4.2922894596206485,3.313867507549662,5.176700962882903,4.098127653713181,3.0702224452050406,2.488897895039465,3.1139742575831915,2.488509567721585,3.0942537734006113,2.4600766857508694,3.3165255987880546,2.622402893907156,4.44479729575409,3.368137699342407,5.314870055221512,4.186609805844946,0.8880478087649403,0.8892430278884462,0.8952191235059761,0.9207171314741036,0.9553784860557769,2.9027142494757965,3.017811387017196,2.8267265089589797,2.811401796596677,3.661698211798809,3422,3.3967556972824595,3.377577908627065,3.386509667812468,3.1170619069279315,2.6803177229431134,3.115628369911201,2.7632324491187084,3029,2.6821299615060203,2.6854582239403935,2.510774855540699,2.4712798200089527,2.55471506635296,2950,0.023232323232323233,15.13386454183267
NWMT,2277,2.590307911312173,2.207424625861952,2.4506867758454027,2.0306911523240894,2.4560630513619106,2.0332962172565376,2.482752339604265,2.0497661789280626,2.572055694206655,2.125171696291854,2.0535314374912854,1.7158487634950672,2.4309316556294287,2.0049902896494496,2.2017500566113117,1.854835771825436,2.0653239886752,1.7822173219873287,2.2160057772104396,1.868435318754325,2.1524640526973724,1.813658852638968,1.9864082088391237,1.6611438692895806,2.1666723654008075,1.8126646554845705,2.3389188791457323,1.9715998889889383,2.1733873066728235,1.8713724149691957,2.189970098273037,1.915602481258358,2.2417749678620593,1.9749659404792574,2.4008982397991274,2.089918828134814,2.9753582831413246,2.4907017542316483,3.307866221611271,2.768343092328461,2.044216726682507,1.691847203447523,2.0726103688153836,1.7341665181492623,2.1119047217527562,1.7917849766410432,2.2655369762659854,1.891456853157138,2.8563411916303862,2.326924971588844,3.2143785417101425,2.627241516890446,2.285523250948175,1.8980745936690289,2.3009744981040714,1.9187514846731077,2.273493102137604,1.9027201241880614,2.3953169793592917,2.0146472335911896,2.940927003302676,2.386321380038301,3.2814509548194843,2.648311853908321,3.287659200702679,3.253842775581906,3.229688186209925,3.162933684672815,3.2705314009661834,2.3124303609080967,2.288165541081161,2.184530949985717,2.18680864443818,2.4485323551651095,3437,2.4674622433017492,2.191193362628388,2.36974169219581,2.228320925611272,2.0923258174828705,2.2465241787880372,2.183970274035318,2846,2.064076521635698,2.0277807562360017,1.9952619952972352,1.930362320690079,2.0210981421560907,2901,0.31406406406406406,162.65415019762844
NYIS,2520,2.843048839902493,2.5944497165472264,2.4984549561642657,2.202446172381623,2.4969215661677104,2.211957562541606,2.5307123951581603,2.225550503502755,2.6105436907721806,2.297239511974337,2.282821247549958,1.9504263227824379,2.5106190841515117,2.2122613075006132,2.373635695113295,2.0924202091358466,2.279176008096946,1.9870248626293987,2.3892672484089097,2.1118120133528135,2.32079504609596,2.021143028182692,2.2346995716346885,1.9295523946548305,2.489844556987945,2.202005896427706,2.4930826237473425,2.2129942565615313,2.581130122956333,2.331195081861014,2.5957950230816893,2.3141102337723973,2.625290039232602,2.36612606823587,2.719541908883536,2.4561410205544574,3.104934154814472,2.8251945492398525,3.340541080175744,3.092358292164105,2.2490067649828283,1.9314804991296008,2.270581792980138,1.976492609170178,2.2767977384620073,1.9864226755965957,2.3743323836913164,2.047510927912348,2.760304357302136,2.4463632186906388,3.0143400497786628,2.6666020427090595,2.5038125015541257,2.1840817260771064,2.5316394073001485,2.214021137347159,2.4539064622863376,2.1268068784116547,2.5120417055530195,2.1916791328945173,2.845180740457487,2.5083364647949016,3.0765850550418987,2.697979455322037,0.9956349206349207,0.9496031746031746,0.9587301587301588,0.9821428571428571,1.0265873015873015,2.521581641711066,2.4765488860449416,2.399739718635088,2.4241074052548526,2.5815400260279713,3460,2.487714350505904,2.4813910307410185,2.48432114369268,2.371051965794692,2.2910032006510286,2.389020705780447,2.33936065644159,3008,2.2749319494772378,2.1943707878788223,2.262391770343379,2.1598836355270694,2.218320563529371,3039,0.024906600249066,26.089285714285715
PACE,2066,3.003402709030652,2.5820178398812335,2.8674088991732374,2.3950008268794365,2.886740582344358,2.4201085275490426,2.9404869869546872,2.4579310803536183,3.0426452067780905,2.5267223520359843,2.429929295512171,2.1252639277293337,2.8952562140353293,2.4289949394260137,2.5966674700331436,2.2607663185902647,2.3566185131327555,2.0959401904542014,2.6068375291758508,2.2821531377741078,2.416211928443553,2.135254781587039,2.3220123393482894,2.049061135175199,2.778676286421059,2.375130357622838,2.8177803383414823,2.39404894827783,2.4883003017243635,2.2317059477097274,2.5351794362137583,2.265764532711035,2.5947172024784564,2.3039532748759233,2.771679896213316,2.403586393014244,3.526241279215452,2.936783506147298,4.056919337546303,3.398211594568263,2.394029577458214,2.0807764446448322,2.420034463759161,2.113749152992821,2.467318504448384,2.148522237509332,2.6469087338080435,2.2533192744457087,3.430835556787418,2.7997532841892507,3.985940588160426,3.276703424715528,2.745496657875105,2.380916614180941,2.726996159537589,2.36257516814434,2.6815976938402297,2.287090969714443,2.8233741600335334,2.3872824578785963,3.559892360191619,2.876712790330858,4.095861919201563,3.3576676724738643,2.6205227492739596,2.462729912875121,2.484511132623427,2.500968054211036,2.6055179090029044,2.6539363068803636,2.698235533348616,2.5647012874855597,2.5276646000303042,2.876847909150852,3386,2.883872273993942,2.7848735619617706,2.830424524599644,2.602441981386321,2.3731822280487567,2.6208988241611553,2.4377668128553767,2671,2.4513746594439736,2.433158207251286,2.373852300753593,2.3287658218687377,2.3966709402616875,2722,0.16377749029754204,130.11810261374637
PACW,1996,3.8560533949226197,3.381533536785698,3.7110077748284094,3.164522389238005,3.6943321084675986,3.1343375324318794,3.727938025501624,3.143488516460521,3.8721589669318983,3.2910335129946926,2.9393295505523436,2.5165717163080736,3.6551653224013814,3.078537115807932,3.266888969326332,2.8288248666879143,3.0652762864752057,2.6653239968816056,3.256802158802388,2.8285127292669223,3.119907675951546,2.6963012839484075,2.7531270142709,2.404644555635164,3.17365602250469,2.739100081165323,3.3004222721969088,2.8902009857014646,3.0693710962958627,2.7545726443962195,3.1437825588523256,2.8273628799100834,3.238818890851254,2.8806866004153124,3.5292973276274537,3.099104942976341,4.533923467330856,3.8438186816705158,5.140497827022508,4.315657827546843,2.891173167034241,2.490811097089837,2.9766562571530484,2.5805219704254823,3.0566990705774297,2.645172937414979,3.3529105563886348,2.8435452831376065,4.390500911157809,3.7062853515691394,5.010125882225389,4.275210455932502,3.236345003407356,2.734316797285471,3.3086121323554925,2.840353830456743,3.2806088239934406,2.829750845289956,3.559606750119971,3.0336927742891957,4.523172504214894,3.8482727624369275,5.130541791249856,4.442086455934751,2.43687374749499,2.3622244488977957,2.2129258517034067,2.2600200400801604,2.2965931863727453,3.2610702460991994,3.392943706269496,3.182707517715871,3.139842136847538,3.758987273690682,3364,3.7978819258432592,3.3160954729986227,3.4659638705110347,3.4103292060313506,3.2217448971109066,3.3912755599282813,3.2810976129621134,2678,3.0588297273624026,3.07547799521851,2.9246236384550515,2.88057632881528,2.948823279508936,2665,0.48498302428832596,140.17109218436875
PGE,2331,3.3193510797134778,2.91230300495058,3.0990273146080174,2.5946499767632583,3.090262617997952,2.5494283788718217,3.0955064844021503,2.522788063413237,3.1968331345766496,2.5983862572489644,2.6629063300972438,2.225488758326237,3.049686764519783,2.497921364086174,2.8577565567655543,2.428499561538006,2.5679053059994725,2.2587018165305373,2.8611517725734315,2.4351940181379814,2.7151923860098126,2.312060292808504,2.4863793876059432,2.138469355820982,2.8198603970852205,2.3604871633695725,2.9526116480069136,2.491440245158903,2.909287370827648,2.603191259486151,2.944320014878402,2.6350429563080535,2.976865986697416,2.6452536935869158,3.132495066759776,2.777461383308338,3.6796645582807512,3.207678223036001,3.985235418840225,3.4537016107425407,2.6597508261039784,2.2289677365715947,2.6993228801848335,2.2789801235106473,2.723497329221892,2.268880815844109,2.885645513079145,2.3756414220854536,3.481410963006535,2.874983926510807,3.8038532818787076,3.164719435580902,2.9419050137920455,2.4667239168690154,2.9806014532911713,2.4662465428125073,2.9005838584615846,2.413176971824343,3.0296793287740758,2.495013625011594,3.5650700371692112,2.881426690604529,3.8805339450061234,3.15880537776647,2.7962247962247964,2.664950664950665,2.6396396396396398,2.6615186615186617,2.707850707850708,2.985272650522105,2.9365327441453433,2.8200961176207864,2.8374492895345007,3.148695888170899,3437,3.111277924384644,2.8546150930151812,2.988950283324393,2.8934019694152315,2.5997585509978878,2.8984111476919616,2.771188958889912,2903,2.681013301181705,2.629402403618343,2.526283089372759,2.429128526726783,2.578418033103887,2912,0.22689706987227648,119.71299871299871
PJM,2357,3.0695218061194236,2.6909830574015765,2.9137264647701446,2.506036461122317,2.9066015446096674,2.4736149198708164,2.94114967730018,2.463940204335381,3.0413071947391357,2.567361482318806,2.535241482904087,2.2278731608096214,2.911294934329355,2.4553353541604714,2.635111477229218,2.24988136281963,2.459478797627164,2.1500733823695715,2.658269419676891,2.2519224691987882,2.523714141582259,2.1579971882487543,2.4599586629741177,2.066638389083441,2.5359668230983075,2.1579971882487543,2.7983972129885575,2.433674498976017,2.6485727138028197,2.358998810980821,2.666187045888222,2.3558011523365434,2.716230871882083,2.418656550701649,2.860945923566508,2.5315088961824985,3.5647587029433074,3.0953405575541515,4.092152247388603,3.613107631679804,2.5180712606569977,2.135671342111571,2.5374800109596882,2.1728256861322697,2.5698184155857673,2.24737748200637,2.7043831170513006,2.347518235957489,3.405628438745342,2.8899498699877126,3.9552229930162293,3.4320262936365205,2.7630320150623384,2.363044239888778,2.82825644174227,2.45189316102606,2.7590051621765546,2.384975258252967,2.8594425911881682,2.424097503070332,3.514189572018877,2.9963574322571267,4.043883271001706,3.513680784850872,2.8803563852354688,2.7772592278319896,2.7916843445057276,2.677556215528214,2.822231650403055,2.7294617127149277,2.5924569404178928,2.523814048872709,2.506245744153686,2.978048460851557,3435,2.9364735415917416,2.5677083427813163,2.837531652894305,2.669036114450315,2.495200845047551,2.6897509055108193,2.556062871005754,2853,2.5497027603646742,2.43040645234731,2.4886170917356996,2.3534851294994645,2.403093434672688,2930,0.20654345654345654,119.94208739923631
PNM,2460,3.3557526446739256,2.857900198085722,3.2700462024462618,2.7332536701585797,3.29250397168711,2.7520429239926747,3.373330483439111,2.8299482297998075,3.4811520740727926,2.9107969996167466,2.523393329292425,2.153711897301486,3.322707402821484,2.7687964529482123,2.851651803081129,2.4311642579556425,2.494647149530919,2.2217532108853866,2.882199150574026,2.4521244015812913,2.5692138374096314,2.2527329856181115,2.3294989561344117,2.0276700562515897,3.1684558431092107,2.6041713773062947,3.252321836528536,2.7469049533771503,2.481964937060351,2.206611103344815,2.556905742478843,2.261355278601971,2.6846527731997205,2.3587452826619373,3.0003584885824144,2.5903923590342686,4.106923083364756,3.3797865738990955,4.886622954377612,3.9540777875417543,2.421085989958903,2.108307909368585,2.5036973569777397,2.1502943252458913,2.617919186516451,2.233474709337236,2.933116146508573,2.442749165950005,4.062537766015296,3.3219919519146948,4.871450686105303,3.9647728439448935,2.7633400060551474,2.394656805666285,2.8399162969069467,2.4515130843196973,2.862842294379459,2.4689903245910223,3.1392091735335406,2.6820791521208447,4.217064784962042,3.467843914642284,4.994726132087744,4.115100925327454,1.6357723577235772,1.6296747967479674,1.6280487804878048,1.6621951219512194,1.7284552845528456,2.7141756735742253,2.705499958912958,2.564008649874063,2.575429629408654,3.3549726690177755,3457,3.276123597911851,3.16741275518998,3.2536235952906116,2.8656186967553667,2.5138003068664156,2.884312449812499,2.5856046097935406,2963,2.4579022047594337,2.390590029914963,2.3486798479865394,2.262592908348068,2.3270811060693997,2997,0.08067729083665338,60.875
PSCO,2313,3.6863575664825117,3.191800229271466,3.4763270139123374,2.8863629141183287,3.48679314672869,2.888801477034388,3.546166730538725,2.9287249835879385,3.6794851904475854,3.040002475885867,2.981670250217828,2.5135385595922974,3.512671978603148,2.905204210652462,3.0558718012440917,2.605648372203361,2.8676661925807756,2.4800263173586976,3.083904147017504,2.614917538538827,3.0210290449186576,2.5504456982177026,2.8382834319857544,2.4197681984962265,3.391804540377792,2.768242138648676,3.45951955398724,2.847893577886733,3.0872410838461066,2.740266545840418,3.1415418871656864,2.797589497553103,3.219385878885431,2.867816968649338,3.438690352515033,3.0033181145170187,4.263775848967179,3.554211402217664,4.876638664534058,4.041727648043258,2.9233874970899447,2.495060721154377,2.961881344496376,2.521717966673613,3.01176710939312,2.5723077931823752,3.2271369152630873,2.696541292730661,4.100409093796918,3.3470993182082847,4.743406948225315,3.8667228210811055,3.3328368624678206,2.789335352292339,3.3645418084522984,2.857107011524258,3.3043373823946705,2.812717505450153,3.4538633797545133,2.8854662427223943,4.251200924319783,3.4181296109124153,4.872142924405314,3.951447979392158,1.6990920881971465,1.6753134457414613,1.6731517509727627,1.7012537829658452,1.7769130998702982,3.5083024122143343,3.5355847880506412,3.388810778616295,3.365600235518449,3.7731093021527444,3437,3.5495535934967197,3.46163674328045,3.5273717350608402,3.141375347501941,2.938702957859194,3.178180884626893,3.121203268574982,2939,2.9823590237431685,2.970326838966422,2.868320036465133,2.8032870143511364,2.9600844094097924,2854,0.08725,77.37678339818417
PSEI,2008,3.287392825657825,2.997272272815951,3.080015725327074,2.6852885654992455,3.066928018690041,2.6938211436251676,3.102524595128509,2.7327322503125493,3.1999173408983466,2.843804883985522,2.7737311196474637,2.4622458927800928,3.083370983720988,2.7016209166698153,2.876583217630771,2.574613403494359,2.8042607961282813,2.4897763581168024,2.865613805843706,2.5525966048079116,2.8369641213036854,2.510995826234947,2.6516722831340327,2.3013694169562804,2.7137715365714823,2.4502461266489703,2.949646781172847,2.652706458920854,2.9472315765239414,2.692147566214467,2.9672311405074834,2.718763061906178,2.99765431915573,2.7379437956244645,3.129619915582642,2.8787253738984964,3.6089434412804566,3.2667211494265826,3.883497026437881,3.539782637630328,2.740892925036636,2.3948100318789667,2.766563571249752,2.4628775812330965,2.778621254415682,2.442314087522842,2.9037458481583514,2.55927181456663,3.4075314621869754,2.9872263032334434,3.703980002846908,3.2741239781687597,3.054512166276079,2.6397846629169455,3.086473208052923,2.7036953704175657,2.9702617514584264,2.6350320025080096,3.0613560741521244,2.7054375134622806,3.5086624727867233,3.0864409404222517,3.779911559823352,3.3412663294859275,3.023406374501992,2.927788844621514,2.806274900398406,2.926792828685259,3.037848605577689,2.9232188046705234,2.8993693095985917,2.758970662899822,2.744367656765883,3.0842284166464213,2512,3.055870148270163,2.7066789368815174,2.9295646710209717,2.864387868279814,2.784992958045707,2.853504188903197,2.8241824495899537,2442,2.823205923967836,2.7522310947250537,2.7404332454429747,2.6603889512504373,2.6834905573439283,2548,0.307581435572211,142.2437749003984
SC,2286,4.909553230637511,4.008240887604337,4.90953308596444,4.045976048491385,4.940763147368617,4.070071825705316,5.062535696278003,4.1603390847349395,5.230598359190686,4.244602984447448,4.455843159955596,3.5818278665906567,4.976527971832059,4.03262690215254,4.497097857142165,3.734864275120533,4.147558767041447,3.3811739904337346,4.488677708713926,3.789995259629224,4.2010592026813205,3.459584458236745,4.202135413264478,3.368179715416053,4.1740370908029885,3.6144346518136325,4.670891707448411,3.8322656187299113,4.317514968461206,3.4975805136700115,4.3338152745076854,3.5152390708219876,4.420303396574281,3.5492143346893865,4.6153875208963075,3.716542868947605,5.628397666765128,4.6717957870271185,6.3821564239939255,5.460669564902471,4.42436916458874,3.5729600993250394,4.4208073186743135,3.5576269805646388,4.467511039235574,3.5640784522720894,4.65047417761383,3.7325089288545863,5.669125870440474,4.717178003207154,6.4332268297021615,5.502402886281223,4.9816625577880735,4.123986156952785,4.979113020702986,3.984837765722114,4.860796087883919,3.8968674384145703,5.007742779626138,3.9838807906086244,5.903835661926528,4.938876443059374,6.635993833353554,5.670419197037855,2.6916010498687664,2.664916885389326,2.6916010498687664,2.758530183727034,2.831583552055993,5.00159588477369,4.846587680875323,4.6858718466820175,4.62350311089272,5.4180255980246015,3221,5.146515066725247,4.264051043375704,4.831998169346639,4.681384828369525,4.355853591735065,4.638316599732969,4.3805856142242865,2867,4.617711434683699,4.529772854031807,4.383192334997309,4.192330511321202,4.206819287040333,2700,0.23734504132231404,97.14435695538057
SCEG,2334,4.492333117261688,3.924343166595268,4.436406300517485,3.832522104149602,4.456823050931809,3.846305524323026,4.557983963843484,3.8889808449361416,4.726900920913159,3.999015012257522,4.116397867175845,3.570446692539312,4.50673159270774,3.8778258748782255,4.0202796743344065,3.502052688419082,3.819145360576699,3.3150236776752564,4.018167096556222,3.506731057704549,3.8694136082401553,3.358718992255048,3.88020120943634,3.345076654030061,3.848714464444174,3.419396716934126,4.200881302247006,3.621139268282705,4.015095023421229,3.498798837886363,4.051822022254388,3.484390748731003,4.114983582456202,3.579648372725104,4.266285115184375,3.663232435171783,5.04774197312474,4.390424957849145,5.6077579353345435,4.808328071573472,4.0395091948038635,3.4640925363529096,4.066203904578691,3.5111070030245886,4.104918332422958,3.494098214456898,4.237171684055463,3.5856759571909835,5.022011435654393,4.341671293315432,5.588785790781892,4.802345363037973,4.575321991405257,3.937247553865612,4.583581189740934,3.9338206349816405,4.494187853676847,3.7709885423337957,4.565519365781488,3.832795437398532,5.224129224161741,4.47231623633081,5.759122731339469,4.9700764232962165,2.6996572407883463,2.7437874892887746,2.7245072836332476,2.716795201371037,2.757497857754927,4.536246194874093,4.468282549108087,4.320206377480612,4.292619691210175,4.866951165116493,3424,4.536692590766007,3.888951334810408,4.289077622029178,4.103773776458733,3.9199921162767826,4.090951948924126,3.9615301942479424,2943,4.170212530661163,4.132670356555417,4.003367129448361,3.8778145296654007,3.897414348340545,2799,0.232540675844806,102.65809768637531
SCL,2293,2.954843896105966,2.6181419164742783,2.5368780013484606,2.2182140730516973,2.5089083463384503,2.183260035147937,2.4846148603840934,2.119165291587874,2.527571981215143,2.1645253807517015,2.2189722634002202,1.844243817448041,2.4432165626023425,2.089087136807516,2.374173297347796,2.0472018732250077,2.3426415549812347,2.0069059449654154,2.362303205109566,2.039560610096339,2.354598563880974,2.0175265858844855,2.2597311352256413,1.9214550133070423,2.299765651973649,2.0354164808012163,2.443340364335483,2.1187600816400907,2.721551603858833,2.3118178739497255,2.7312520190961616,2.318848241797737,2.7560281487802403,2.3671530988435903,2.853578268554893,2.4957577647904743,3.1758580046704155,2.8936643451225557,3.3533181226273605,3.0941011778649083,2.2797543067522548,1.9559366676239864,2.2807992579248477,1.9398754231626256,2.296468093113808,1.964735419261553,2.3970537381994954,2.0758532984450406,2.7505389493006227,2.404036123517484,2.9573212624245437,2.6396104407213117,2.461396427222343,2.0711532230751404,2.4184402438486368,2.0738415997948514,2.3551555459021927,2.0090516597361567,2.435155830462891,2.0847836806119053,2.746149634586534,2.3956676378956567,2.9450018803634466,2.6191483858154823,2.858264282599215,2.8229393807239425,2.682075883122547,2.7627562145660707,2.7959005669428696,2.372984656793408,2.33486544948534,2.255915576879637,2.249742201794862,2.4808934927635793,3433,2.4735316399256697,2.266131857649379,2.4194638427739217,2.345841834516388,2.3112538096356317,2.3335556929653625,2.3236855036690627,2812,2.292857348608495,2.220894478424152,2.2721788303562733,2.1757057525894434,2.194894577718518,2977,0.36227170377783335,181.27104230266028
SOCO,2265,4.051891658069461,3.3470387598994864,3.9582601967950475,3.2688332953324246,3.959233843365104,3.269830968069567,4.036493738327227,3.3543253776098183,4.166558631217193,3.3826712147350015,3.4780282970400136,2.8191876995113887,3.9752760271485124,3.2780563466705415,3.580873427487749,2.966605773754569,3.2676258232591633,2.6191389817944595,3.567351891907719,2.9851349256229676,3.3032351637374955,2.68210992523544,3.267500094909905,2.601146281921021,3.3137283213490867,2.8134110968548685,3.6733218837900456,3.0283455376400776,3.481085366587247,2.8164696869536847,3.530371242147432,2.8715986929430235,3.5984495101632032,2.995711821637509,3.7893187822006382,3.165333722366088,4.64868477040655,3.8729083533523356,5.323155304647871,4.528031282733552,3.4458688917924762,2.78744061423001,3.4720347829050975,2.8097386411732055,3.5437457475913976,2.920745069698932,3.7090868271227166,3.0274286892008972,4.570233338414039,3.8208717505984313,5.264085663860265,4.463511721381,3.8737850370230893,3.178974016143853,3.9033800480414307,3.162727641345958,3.8582931384686994,3.0913915822236513,3.967588104100433,3.164063705265279,4.726808685764099,3.923778621543984,5.401425045378911,4.528376177672857,2.6083885209713022,2.508609271523179,2.4944812362030904,2.562913907284768,2.6317880794701987,3.9595733842598952,3.882600864482854,3.7341609757109433,3.6922575342263113,4.445917909167151,3415,4.0284208143810085,3.339949252452541,3.748565069601714,3.644072936188947,3.361975398474739,3.626162369975068,3.392642055668156,2883,3.587572554229565,3.5299964837304603,3.4008982943918142,3.2674154527698622,3.2902070410101416,2762,0.21988866396761134,93.52980132450331
SRP,2356,4.654709282015938,3.8526064030395624,4.603766843458266,3.74757017447454,4.62768056236629,3.775205063186429,4.722916444041819,3.8668814776309253,4.874317243892508,3.961698387821813,3.6332123635423743,2.994128245174714,4.673836098233316,3.806741100402328,4.324488050550851,3.4870714341972238,3.5537901883015626,2.9959434736740356,4.302495624783586,3.4662388480184667,3.610076118443832,3.0405221326568665,3.2740088642084255,2.680447929774186,4.225171379483264,3.3021653207515476,4.336315763367285,3.4642125408207205,3.4600107706200203,2.873324999986041,3.576337447613543,2.9894985243674785,3.747575973522428,3.1134710713231573,4.152977447197163,3.4322443858604474,5.719523637167539,4.677478678599741,6.72656613125232,5.624484319869829,3.502795529105003,2.8580879084690576,3.5978774934673208,2.9800503998563217,3.7337016833640364,3.0824020485515513,4.126119139224278,3.3760014728252736,5.683555415303778,4.663866258563094,6.68240187925098,5.511504968927939,4.054497390966039,3.395552973223216,4.108994651120798,3.3972023688904995,4.097168578352146,3.4119703431759714,4.412320547945777,3.628016012505636,5.891225529584508,4.8648076450417985,6.8621846512108355,5.638531334989005,1.8803056027164686,1.9210526315789473,1.9410016977928692,1.999151103565365,2.0789473684210527,3.913644969611118,4.042551904621776,3.7532909590942936,3.767517551362208,4.916476671620588,3357,4.618049247302258,4.183687799834351,4.309703935286905,4.327278385718022,3.6248723482406557,4.274182233548711,3.6570633749835655,2936,3.559974475649677,3.4849290827988875,3.305486111138363,3.208049831928459,3.2537824182413817,2851,0.14475363798825633,51.15980475382003
SWPP,2281,3.2275534481835724,2.6969950686361535,3.1137171193771844,2.547508423927639,3.1155075724656007,2.5475210676448663,3.1728716996351314,2.6112963038625225,3.287377442526281,2.774280506554318,2.5496301936545622,2.141081309813916,3.138888755605712,2.615238713717435,2.7027587369216075,2.2614431223830644,2.474354442014602,2.0794161064729377,2.7337810896902783,2.2795026884541643,2.5400047396976912,2.124424072456184,2.3715054762491907,1.9701517905168848,2.607491910117818,2.186699840338047,2.8617581572420394,2.397141014876904,2.5393484911553155,2.2371097461455602,2.6015196836683367,2.248426740305869,2.691439946653358,2.3016766074723027,2.9361155589379684,2.5105044946091035,3.8494687113400827,3.2463204470598854,4.518967290694677,3.793116612165085,2.4919007083711637,2.072128513506812,2.5336283532335346,2.147784840011743,2.586168075324975,2.1484811975820644,2.8154318153177855,2.3225080548663306,3.75248718438052,3.1200056835990284,4.434689421762167,3.7198945991295176,2.7954182064146584,2.3988779202324793,2.8272011177356395,2.4340060532370056,2.786219754419547,2.3482765711541007,3.0000603216805164,2.511925290164031,3.8963498217137174,3.234797365963459,4.560050134719303,3.848602597301456,2.650153441473038,2.6637439719421305,2.594476106970627,2.617273125822008,2.6926786497150372,2.808606332886876,2.66093316073976,2.560767435154544,2.541249099665491,3.346833584252799,3286,3.1253945978640965,2.6442588777286726,2.9223581809350074,2.7438228665084985,2.510744782127967,2.7637419472507143,2.5775010986148517,2796,2.559170211450765,2.4395909360528014,2.4376749733362812,2.308165034921889,2.3886190104000193,2788,0.32131901840490795,122.9776413853573
TEC,2554,4.678502630756543,3.8822558531457925,4.54272291497879,3.7543014473062826,4.576324603916812,3.7725974506695445,4.678431575701952,3.85027496575538,4.822684298886565,3.9549238651896106,4.3909606450184695,3.5173576400950655,4.619827166423464,3.7948398156934897,4.3796816222780945,3.669112514458627,4.010893995864447,3.253313515944715,4.332211793616471,3.669112514458627,4.1768745692047275,3.3509209870889674,4.0962851499270245,3.3178773104712382,4.229213883817147,3.587856914376317,4.398944764683462,3.6315697421130375,4.307084071282299,3.627787502696278,4.344838241154313,3.6562478684065427,4.423263526933634,3.7036811523875777,4.5417986928595955,3.8146745477056885,4.996291610410745,4.14972361396496,5.3260531853390765,4.463610670145356,4.335497585513891,3.5162311241121955,4.353556400745451,3.529261760520551,4.3809414064558005,3.532398559187204,4.4709079467705575,3.7209497657212145,4.879772772736762,4.050713363486112,5.216496368534848,4.429578630421775,4.981378418271747,4.133952779617635,4.960527653104765,4.011839731493564,4.814528612234075,3.8762888952719825,4.80469777353625,3.9233324161643917,5.058561976741472,4.131358381180625,5.355279392943626,4.48808433932764,1.4173844949099452,1.4397024275646046,1.466327329678935,1.4753328112764292,1.514878621769773,4.970522671286901,4.8791417875720375,4.68654108347919,4.617135036937265,4.9285117425938925,3448,4.707847853188717,4.29141697624228,4.508215410130749,4.487497295921492,4.083281243871579,4.410901689064926,4.24828990976635,3107,4.463490267144225,4.326822083216939,4.2335688256126165,3.9855270247177863,4.081402568086532,2934,0.07080528546497133,44.476409553641346
TEPC,2361,6.311936824553164,5.36844369300808,6.320890989950225,5.411321637979149,6.364576015617347,5.454038940036846,6.506872987968486,5.524081150397519,6.700084449427509,5.711573171896548,5.39925973063817,4.534776546614364,6.443172892683489,5.545110979856938,6.009928013036348,5.09379175462249,5.311192184255152,4.457330855570851,5.995973739072801,5.098009419994966,5.36836923185908,4.57407057392035,5.1232556773482365,4.089217242382984,6.044392397474697,5.094703536020894,6.220175767249899,5.2723700187174645,5.050670132665329,4.114597525724792,5.183011492024871,4.2654744613328015,5.362496831542098,4.426210402851624,5.797229634100425,4.870902822875721,7.438936645013286,6.465186219737785,8.568615472426139,7.495679045915869,5.237841847215226,4.272668874591335,5.329032610439225,4.44920895406085,5.470831988298391,4.517579927590823,5.865509190374235,4.943619510470901,7.480034422113488,6.469107478312758,8.618056183488875,7.53147874259837,6.055156882647637,5.099479753081967,6.098557459375949,5.217165645018238,6.013503962848406,5.079937991507732,6.278616707024432,5.30389773350646,7.72924609255642,6.67022249687647,8.846626932717948,7.757195803046817,2.0427784836933505,2.0063532401524777,2.0067767894959765,2.0313426514188904,2.127488352393054,5.7525354997409055,6.343560637333105,5.828743088328837,6.040202492500585,6.878042242485559,3379,6.372298282573936,6.05775495366593,6.244141889931741,6.023796826087236,5.391305848369943,5.997860477191808,5.423669417455591,2896,5.394653768197371,5.607360950686104,5.267393745184192,5.367438825357211,5.422831674429607,2847,0.1486178037027644,67.75921219822109
TPWR,2436,3.2601043021982816,2.9476930299426254,3.0826487506039375,2.6471397287469687,3.065775269233603,2.6376889394937884,3.0941268137507025,2.6739513788843796,3.184730057655114,2.726844780106534,2.7218057777566558,2.3478376569252033,3.0385981572031597,2.6108154704261004,2.84611478046044,2.4818644363077738,2.7802155984767096,2.393325870728445,2.8268042706103964,2.472154611551685,2.8081513342538975,2.4134855650105855,2.6533894928830652,2.228628388359912,2.6794594134949627,2.41446363071109,2.969815143094702,2.603211859091787,2.8862187877728798,2.5979615960647955,2.9112109004246514,2.613011643187772,2.9540485791341453,2.6435320811388214,3.0970742596379432,2.815316566636218,3.5902503814094384,3.193094033905628,3.8702923334652293,3.4337616122566508,2.7207654751676307,2.305636939723163,2.7425114982189753,2.362911378244829,2.7611135325451603,2.3723958850882987,2.9052449229953603,2.5183401253810196,3.406858825647215,2.939503349786838,3.705969146297635,3.222019493189566,3.010283327723776,2.5378678126821628,3.012294816471236,2.587490834965992,2.936390719605756,2.5263083689601795,3.049084321000647,2.6223232064563584,3.490014336085754,2.992383658981579,3.77045178017773,3.2465768589181487,3.3041871921182264,3.3669950738916254,3.2873563218390807,3.2557471264367814,3.4002463054187193,2.925994287620549,2.793048053949743,2.7032859776654186,2.685136515682028,3.061209438007271,3462,3.0459822610638057,2.652806564307584,2.9368174267005345,2.8278014997681273,2.7577069298067833,2.8071771715856424,2.7862437760522383,2916,2.781683112317425,2.627778781881108,2.7194829495262476,2.5490452120706646,2.5820051241306543,3022,0.37515558874782173,155.33620689655172
TVA,2326,4.548394311213119,3.76469679936835,4.473141168220046,3.6987333428071953,4.486444610367066,3.7257378509663504,4.587538839227184,3.7695816943626452,4.736103930089992,3.870114307439707,4.018807252176612,3.323738469914085,4.514750627844534,3.7596029325968496,4.035470665413054,3.4446435421213697,3.694819651441788,3.0598660337804957,4.022330335190452,3.43748231612773,3.7554043929585417,3.1143011303757575,3.750500148929724,3.002569028451018,3.6740569518085815,3.144602475310604,4.273855295313582,3.5115241326410773,3.941725487878738,3.3275504947628343,3.9935342877131226,3.343979667417477,4.064144087925822,3.428511608066203,4.258812798063698,3.5556948948695,5.217349203071517,4.370036105469831,5.969379213415705,5.0463631302120175,3.956950558107324,3.258161769734356,3.9971431663839816,3.277897601505609,4.059733620077149,3.361459048179806,4.23598098728877,3.501684858890315,5.1429965440439505,4.291172517970255,5.897043196840769,5.007255103843763,4.426151533813957,3.770267729605017,4.478067309511871,3.697659166620854,4.39524761573533,3.6492019184198226,4.504575345287564,3.700619868793982,5.347739647896906,4.451850528193888,6.051196688413011,5.104566317627859,3.066638005159071,3.0318142734307822,3.0692175408426485,3.060189165950129,3.1827171109200343,4.36990521057479,4.199063902535363,4.064146754769335,4.016949720411107,4.857712390367873,3419,4.501367059423904,3.695242927506193,4.340904994728614,4.092881845672168,3.776019448757204,4.053917416440496,3.8026527181873275,2912,4.0743121790062995,3.925181937524577,3.8696226485076037,3.6320061114153646,3.6842534347251874,2816,0.2560240963855422,117.7719260533104
WACM,2178,3.148238297104822,2.6678052087164907,3.076746303368282,2.5653590586222323,3.091080774248261,2.5750087343727515,3.1443079674782246,2.626951501976683,3.2427801220197394,2.6940617870907775,2.7003554973291406,2.2666319358871165,3.109478804444543,2.594058997621988,2.8236742304079243,2.385437699223317,2.7487847641047143,2.319006723929193,2.8353221870230896,2.3946225322257844,2.8219316455640566,2.368645169693238,2.6602298225594567,2.187260246999519,2.8980293085086952,2.40900551505628,3.075019310142956,2.593270742029712,2.6864978674882662,2.2675626293817874,2.709391415128546,2.2881467563853604,2.7716440425244384,2.3446770949137257,2.9505625405584377,2.4786432903175593,3.5727599562953154,2.9828665347236782,3.999050746805997,3.358887777300332,2.664605002740292,2.196466536556758,2.679464244042012,2.229586830947925,2.7247718652652146,2.2823392208860196,2.8965743811911113,2.4213474449823225,3.5185879702155356,2.921615614779333,3.9592411777878893,3.291005436716098,3.1257675460817467,2.633064875430507,3.0117020844601923,2.565944058450607,2.9623428109359575,2.4978807945552646,3.0856772475954815,2.568536986921565,3.636793001005361,3.0174475848351134,4.054932974499205,3.374312773751456,3.313131313131313,3.1910009182736454,3.148301193755739,3.179522497704316,3.2497704315886136,2.992763252938059,3.266958745757525,3.0607643980984016,3.0343976705610647,3.2450741630123403,3299,3.1046974373366227,2.9162431367865045,3.0821415096476654,2.843699347974319,2.763422890511322,2.856252814378382,2.840683919664761,2806,2.7259314375083434,2.821468966688396,2.701416566357994,2.732353858555485,2.81010867935132,2815,0.2551152551152551,165.85502754820936
WALC,2306,4.866167747705764,4.291896758006716,4.8773981226297165,4.351862994519768,4.894019439796562,4.364648752800463,5.008240330956429,4.435135573987588,5.141305719657452,4.566322260740562,4.127072953656681,3.583875956107831,4.928058737412365,4.4115676789723155,4.765193169486348,4.211491034913729,4.429941317838422,3.861220487080569,4.74233749404644,4.204009727839184,4.436084347882354,3.8823994028618465,3.8686754317677665,3.295795415022899,4.617399823008071,4.0442613335775,4.681967057650302,4.14417788953651,3.824098282277805,3.320627147873797,4.011338731891479,3.5036753785238597,4.188836005312564,3.635548865435986,4.530305014379665,3.985108832712526,5.555595100029645,4.890804387751928,6.2239758920068535,5.58905070204398,3.944064995408108,3.413443133688287,4.089882360896052,3.5738977924703574,4.246207468249909,3.684779063887896,4.554903501973104,4.015103852313639,5.583523647953005,4.954534215664965,6.244816858428978,5.617004431447141,4.568186690513543,3.9699856183748814,4.6129026222910605,4.027970941500675,4.629934698099885,4.058374241837356,4.857052520678883,4.338822792534924,5.7787513112155535,5.1429654113384995,6.41437998218103,5.779167604952413,2.2575888985255856,2.2779705117085864,2.256287944492628,2.3408499566348655,2.4340849956634867,4.740536400321282,6.486614371950422,5.789903168219664,5.770127501150418,5.916887683478775,3380,4.95519903251543,4.670686757001271,4.738576267340294,4.832383236352962,4.517376302356633,4.796998377220674,4.510219167873296,2889,4.063917786013021,5.044023028294472,3.996091722470106,4.908114262585263,4.9012409516130955,2860,0.2904942965779468,85.21444058976583
