ba,days,G3_w2_mean,R2A1_mean,gain_pp,gain_rel_pct,ci_lo,ci_hi,share_days_b_better,sign_test_p,needs_b,gain_Mon,gain_Tue,gain_Wed,gain_Thu,gain_Fri,gain_Sat,gain_Sun
SWPP,3676,2.7921321892629947,2.5666145192441485,0.22551767001884587,8.076898038211185,0.18635407298262527,0.26421490200079834,0.5808600847970927,1.4634576660255357e-20,True,0.23759549382002296,0.15339113859627368,0.07875157963910019,0.10132579341405981,0.17586895807278677,0.37959943048913003,0.4804914081947045
AECI,3785,5.536459737010943,5.123771797605952,0.4126879394049916,7.454004165264571,0.3420128656647096,0.47725100363372036,0.5712221901184629,5.428157421230436e-17,True,0.25301424328666516,0.3936520886283963,0.17260437519521177,0.2203846221724677,0.3566240330901361,0.7164482949393749,0.7966107084484628
TPWR,3789,2.900300685907159,2.697253620894637,0.20304706501252254,7.000897044887373,0.17091080927718197,0.23532114823869332,0.5950937950937951,3.5595522588921434e-29,True,0.19197356658068765,0.08541838547088453,0.11973480135820759,0.12049442304917558,0.10237195065422106,0.31369758148145066,0.5124701525113626
LGEE,3773,4.349467252630165,4.045765234200099,0.3037020184300667,6.982510748791479,0.25597402213199627,0.35451158695307927,0.5657971014492753,1.1331434497315564e-14,True,0.27146396740010703,0.15498799715996578,0.1509011821757743,0.1674159255479398,0.14894849441906796,0.6074409906999434,0.6573420388719018
PJM,3758,2.718749616259461,2.529723895731296,0.18902572052816502,6.952671161687643,0.15908220439511794,0.22001308538646797,0.5730075625363583,1.1336597586204825e-17,True,0.16731349233413326,0.11956380846532054,0.1260072367409937,0.07430023724663695,0.06455309663452985,0.36251325296216347,0.4396363578098502
MISO,3778,2.1900880949302284,2.0394363716712673,0.15065172325896084,6.8787974149396165,0.12441988919556216,0.17719535640092196,0.5535610885929357,3.2895563668873075e-10,True,0.18999210216750445,0.11676512735905019,0.029441270658683124,0.05658784030043303,0.06658588029198928,0.30562325131751983,0.3080022238833967
DUK,3781,4.681451308674552,4.360702098102762,0.3207492105717885,6.851490903631794,0.26268260824015877,0.382574962278988,0.5724616719699162,1.613914765657098e-17,True,0.30412252925468136,0.18920309595878818,0.15571779783100875,0.15271485882210323,0.20917079866618593,0.6328542664798333,0.6350950992404439
CPLW,3774,5.288178089826199,4.938439554454565,0.34973853537163435,6.613592232161924,0.28399300157172236,0.4139041938783374,0.5629887054735013,1.4109400115782268e-13,True,0.36088043045368534,0.14797903417441832,0.12241862362329584,0.08848462766289183,0.19319562268133705,0.7706950660098957,0.8184252161916927
EPE,3774,3.658406380265391,3.4201250448529623,0.23828133541242927,6.5132549707379335,0.19058702212158238,0.28207507005455834,0.5714285714285714,4.893056961286451e-17,True,0.2291518637145689,0.16521942678076784,0.03454908571963415,0.05172826906741623,0.08388896873589725,0.5202043128057431,0.6225112056426345
GCPD,3784,1.8284615400732562,1.709843831940332,0.11861770813292422,6.487295769325936,0.0975096066343007,0.13902204656524864,0.5760115606936416,3.8108917921159415e-19,True,0.12173379475484455,0.09816811979601084,0.08008527291477929,0.08136269256090489,0.025376104426099683,0.22066452886294485,0.21217710877930754
TVA,3741,4.369401303010189,4.089836332783249,0.27956497022693977,6.398244309451286,0.21997076256566275,0.33801367187850795,0.5648743424897721,3.366637222870946e-14,True,0.24402136353729184,0.1059355631940141,0.07054057432538141,0.12641962103115714,0.19206787563899674,0.649650324784523,0.609929541264405
CPLE,3769,5.889672747635803,5.526739808416467,0.36293293921933534,6.1621919378291725,0.28864055603312405,0.44334755552643923,0.5733758700696056,6.965635444322613e-18,True,0.2737477649412618,0.2465042641976904,0.18088110737183652,0.12733062153656063,0.20229852024295258,0.7687323872205379,0.7797185984453681
BPAT,3788,2.4428579643450474,2.2989803995242055,0.1438775648208418,5.889722895101545,0.11486023362426862,0.17173205238365846,0.5532467532467532,3.913943150939613e-10,True,0.20536185067726953,0.07608541059184544,0.07230717070150562,0.06075288171744578,0.03454608766163998,0.27412337533296244,0.3040736351560821
FMPP,3708,4.476614356736635,4.228981942876433,0.24763241386020277,5.531689668276942,0.18693110580167194,0.30758328858959183,0.5754107981220657,1.31955802586506e-18,True,0.26645795115037685,0.1718755216638533,0.07442588199079407,0.045973869358835046,0.06667953792488997,0.6584520063878756,0.4952296354031052
FPL,3693,3.7638086641957034,3.5561792187237162,0.20762944547198708,5.516471850631543,0.1515182519527118,0.26302711493162395,0.5712592592592592,1.2718069329385777e-16,True,0.16426204436286676,0.11314835194353205,0.050971371946420194,-0.005182226472757993,0.001044694811376088,0.6492641926376539,0.5330156133258597
SC,3630,5.054171653614662,4.776121234711309,0.2780504189033535,5.501404343963988,0.21154257160151332,0.3443369273768015,0.561609907120743,2.6710370818408655e-12,True,0.23620370866531798,0.19682014723296676,0.1442340089049348,0.036169013584864906,0.06940040442898684,0.7371053090233145,0.5663917471398635
FPC,3778,5.514966326586812,5.2131327798978155,0.301833546688996,5.472989839192715,0.21748220488480904,0.3869912663478083,0.5658085044836564,1.0540524424187282e-14,True,0.32905159967245823,0.20723742483463317,0.10645074746618427,0.061146396571061745,0.0407116743491474,0.8042448082603557,0.6025232142054228
AVA,3742,2.8086118077017637,2.6560599660557047,0.1525518416460585,5.431574460654601,0.11423373062740574,0.18796262219121299,0.561439438267993,7.194187879466014e-13,True,0.23662302366811724,0.06579978906362005,0.060566725478676725,0.08194053599810407,0.005744178766059747,0.3202180947662208,0.3232587122691815
BANC,3673,3.9173791013008605,3.7079039913027074,0.20947510999815377,5.347328011439907,0.15344926366268064,0.2637843168760273,0.5544938787697821,3.0549839124778954e-10,True,0.31012204446041625,0.05737546095666494,0.009888705931804211,0.08039060937381291,0.07771557527991436,0.5055732207940057,0.4722435752798234
JEA,3763,5.558967317123082,5.2625278745011705,0.2964394426219117,5.332635104883603,0.22369816005757542,0.3742094016053601,0.5822196397443347,4.82194240862138e-22,True,0.26570412459378917,0.3036388212862365,0.15298461742162336,0.11612202883398454,0.033833724752052485,0.6362281103696816,0.5969405936593883
SOCO,3694,3.944425539008784,3.73547073064773,0.20895480836105346,5.297471236167962,0.1519954006065728,0.2652093749479168,0.5550029256875366,1.357868431981928e-10,True,0.15767855077228035,0.13317710611632186,0.03294927122640542,0.02542652303715441,0.11385329646174691,0.5341881776666487,0.5071642204926472
TEC,3775,4.951330112586252,4.69190925926045,0.25942085332580167,5.239417437879075,0.18667358745068088,0.32592123719467464,0.5656331498116488,1.3071520415969002e-14,True,0.2687520209778813,0.17954406656648778,0.12091004102711042,0.07973037436262334,-0.0027981411337156393,0.7140739454320367,0.483885143760037
PNM,3784,2.666487138454738,2.5288621325742344,0.13762500588050364,5.161285194132195,0.1066360141680914,0.17023917005319428,0.5595375722543353,2.646948924118725e-12,True,0.21186844676478617,0.08976650523214898,-0.01832427073113826,0.030156476087911603,-0.02018089734803177,0.33981281698321436,0.359647757133973
NWMT,3764,2.2839307206717265,2.1665989254416336,0.11733179523009225,5.137274706633125,0.08808179763162316,0.14887087562346354,0.5648255813953489,3.0156395375973846e-14,True,0.1267672262656569,0.04382629799130585,0.028071583136293488,0.08658883892042485,-0.01981715138649276,0.26050905470142804,0.31457277727526406
PGE,3765,2.967423079885177,2.81536279246168,0.1520602874234969,5.1243211139741085,0.11700307069672662,0.18683009088334915,0.5450581395348837,1.350693946309303e-07,True,0.2629707215299246,0.05128171017643212,0.07741345414365201,0.07186840349095705,0.009256457250684767,0.27556981751544646,0.34426473678169167
ISNE,3789,3.668005653513571,3.487078525300848,0.18092712821272308,4.932574954987149,0.14241907483752936,0.2176520455183963,0.5735718407386036,4.667534995717689e-18,False,0.20399780774786172,0.06126632823381194,0.0691795819078177,0.08834180160205503,0.09084911569237261,0.28738297044413463,0.49431750712385514
ERCO,3773,3.398306062852053,3.2379814888634524,0.1603245739886009,4.717779123580391,0.11143940384819187,0.2100678732914102,0.5452173913043479,1.1689641329441186e-07,False,0.20303202808983145,0.007349795405157091,-0.010916326871232337,0.05439701092371107,0.08974398894814714,0.42037062701388983,0.38957992643366507
SCL,3757,2.3407180006845647,2.233575791552275,0.1071422091322895,4.577322390008312,0.08562937811727452,0.12935829892578193,0.5707217694994179,1.1552901658897238e-16,False,0.09977905360004703,0.015707403003918825,0.020442897910429383,0.036392265037485105,0.09002920607583882,0.2202008243824286,0.28885904228414366
NYIS,3787,2.466421240020244,2.3543504187569497,0.11207082126329386,4.5438637749638415,0.08202581318900844,0.14031762082696203,0.5576090095293098,1.282598239736306e-11,False,0.16366088618087174,0.021499392889871443,0.04220383844026524,0.06659702455482194,0.007117058907383086,0.22860878768782483,0.2744115447181789
SCEG,3751,4.515687139886855,4.318578168042523,0.1971089718443323,4.364982908210755,0.1466122248479343,0.2531591144587797,0.5550043770061278,1.2826968914790644e-10,False,0.10482605493922834,0.14258082528546026,0.06754056141580443,0.04980870141210882,0.040448572480657856,0.5615979322073366,0.43900070116620143
PSEI,3248,2.983393887932311,2.857312202431004,0.1260816855013079,4.226115968504945,0.0900190152946165,0.15915745631478267,0.5558562040974101,1.4446612152067599e-08,False,0.1918591893315399,0.05910822057121182,0.031788555916102856,0.006276744055574422,0.05707712537234014,0.22889042137913296,0.33859737550696123
AEC,2096,6.531785319437126,6.286498056858485,0.2452872625786422,3.7552866572133414,0.12075051925685269,0.367024049606059,0.5536117381489842,6.993294456173521e-06,False,0.3191078938646993,0.0718019655316248,0.02755485484036695,0.0932977140454465,0.05841173614803424,0.6617781252919921,0.555841502121149
SRP,3661,3.918505933604748,3.7718594523355184,0.1466464812692303,3.742408044137525,0.08715935636187445,0.20548579055659094,0.5332739156268568,0.00012055344136350939,False,0.15652825905015283,0.049130115906865196,-0.01951456323080087,-0.03209359878605394,-0.08282218532029029,0.5159256785259604,0.49567664239477977
PSCO,3756,3.41171821748323,3.3020687535298303,0.1096494639534007,3.2139073910472993,0.07275103644729117,0.14678629677759564,0.5466434176111595,4.788961305614652e-08,False,0.15073604887572198,0.04865821986537538,0.030823549762718436,-0.01590156083342663,-0.011182545247207909,0.33586985907046857,0.25348499107402855
PACE,3588,2.654134584455314,2.5699233872226475,0.0842111972326665,3.1728307119719203,0.051700217681784205,0.11430499013935626,0.5407560543414058,2.2625323399897314e-06,False,0.10221812372021952,0.01880028428917786,-0.005067686495475987,0.04492528790140147,-0.03370657762160707,0.23491653649571156,0.26174080800643573
NEVP,3712,2.881142262728833,2.8116308254853313,0.06951143724350162,2.412634674195673,0.02892076793499232,0.11301532264685175,0.5278506853310003,0.0011727871123621127,False,0.11189254097230802,0.016597311629328204,-0.05898306924508978,-0.10790500890664868,-0.10379611801985618,0.3061218998544953,0.3627738366741131
PACW,3555,3.284503638977187,3.2113682554999334,0.0731353834772536,2.226679934506888,0.027078268499683818,0.11690124361242728,0.5344622697563874,6.80387798431545e-05,False,0.2116609011700557,-0.06425408640556375,-0.066471219062157,-0.028711174549745644,-0.09277253756145266,0.26646078729139294,0.3466049878988909
IPCO,3784,3.0223215688326346,3.0142999308446994,0.008021637987934841,0.26541312051825056,-0.03194019355268303,0.04905303176008348,0.5310603871713377,0.00027406423327901,False,0.06205121371521557,-0.1124768844644608,-0.10589846069529271,-0.057734230548906224,-0.060239545245743875,0.16129742893133706,0.19369707573349698
AZPS,3773,3.9825247580291516,3.978290959762234,0.004233798266918264,0.10630940230522161,-0.05926517157628166,0.06554953440382268,0.5043453070683661,0.6216051433653622,False,0.11736465945582389,-0.09823986154928928,-0.13934745507938,-0.23094165910233866,-0.25479029545834647,0.35331083807079605,0.3240499387479087
LDWP,3726,3.813744028007481,3.8300926108404316,-0.016348582832950664,-0.4286754095946,-0.06272817348159818,0.030831471305309593,0.4926600117439812,0.40113466338750314,False,-0.04671317889968576,-0.07040674106802071,-0.14396515329631526,-0.260219044846541,-0.2307673900267305,0.3898646743016834,0.3000406577177194
TEPC,3687,5.566147235361736,5.63641673127286,-0.07026949591112515,-1.262444073787754,-0.14778990250318116,0.00760646634628377,0.5004433934377771,0.9725701902396301,False,0.03284526404089566,-0.17378668520111817,-0.34482722183828335,-0.41289896183769637,-0.22143094292229243,0.22113601376600708,0.4954167762987186
WACM,3623,2.9026440499330217,2.9646513947447404,-0.06200734481171903,-2.13623660858967,-0.09738324926983864,-0.02568989511104291,0.4916691911541957,0.34728210789964364,False,-0.10734307328859398,-0.12217534078576156,-0.10462652815309943,-0.1191867033042202,-0.137738234249223,0.01877797118012335,0.1538699580256129
CISO,3749,2.846334827746111,3.1685563389351064,-0.3222215111889955,-11.320576484817451,-0.3674562541114968,-0.27816045464951455,0.39451415231981324,3.379329521064851e-35,False,-0.1760690173020985,-0.3999778973947779,-0.49669400459848895,-0.5207730969992812,-0.49944956004068947,-0.026144445170983785,-0.08923946535465563
WALC,3699,4.618594583464372,5.57761238580185,-0.9590178023374784,-20.764277639154173,-1.0346201406584925,-0.880875595461819,0.3269287614543305,7.75347221543354e-92,False,-0.9136395374920484,-0.9999911756430409,-1.170907590590493,-1.1869341618093006,-1.238400940963268,-0.43946801932245716,-0.7297589552700184
