ba,pair,mape_pct,noise_pct,index
AEC,Mon-Tue,1.013666541661547,7.234815796506403,0.1401095162852706
AEC,Mon-Wed,1.158490604100463,7.234815796506403,0.16012717347411703
AEC,Mon-Thu,1.4655060545960832,7.234815796506403,0.20256300862611548
AEC,Mon-Fri,2.4456253883780885,7.234815796506403,0.33803561240067076
AEC,Mon-Sat,4.324185648011429,7.234815796506403,0.5976911879497362
AEC,Mon-Sun,3.8851552195903403,7.234815796506403,0.5370081739284129
AEC,Tue-Wed,0.7347241902501089,7.234815796506403,0.10155395948088927
AEC,Tue-Thu,0.6897003831147013,7.234815796506403,0.09533074545557171
AEC,Tue-Fri,1.796604237148465,7.234815796506403,0.24832757152103602
AEC,Tue-Sat,3.7316452111416387,7.234815796506403,0.5157899407671998
AEC,Tue-Sun,3.5614707706843842,7.234815796506403,0.49226834115170853
AEC,Wed-Thu,0.5378898258854776,7.234815796506403,0.07434741132527763
AEC,Wed-Fri,1.7215449097614477,7.234815796506403,0.23795283227428665
AEC,Wed-Sat,3.695302439314525,7.234815796506403,0.5107666239545363
AEC,Wed-Sun,3.322387642568835,7.234815796506403,0.45922214690983176
AEC,Thu-Fri,1.3107081801639797,7.234815796506403,0.18116676595925266
AEC,Thu-Sat,3.3232410927401794,7.234815796506403,0.45934011123613244
AEC,Thu-Sun,3.147141763765826,7.234815796506403,0.4349995704500921
AEC,Fri-Sat,2.1579072225523737,7.234815796506403,0.29826705796634084
AEC,Fri-Sun,3.209299005247849,7.234815796506403,0.44359097667663866
AEC,Sat-Sun,2.167439904689968,7.234815796506403,0.29958467024642094
AECI,Mon-Tue,0.6930388541331391,9.610401290192534,0.07211341474787207
AECI,Mon-Wed,0.6943698851629655,9.610401290192534,0.07225191375427514
AECI,Mon-Thu,0.7593195266741042,9.610401290192534,0.07901017904933832
AECI,Mon-Fri,1.3305107826221836,9.610401290192534,0.13844487263814642
AECI,Mon-Sat,2.639500404890419,9.610401290192534,0.27465038401508196
AECI,Mon-Sun,2.2725375008269357,9.610401290192534,0.23646645256593732
AECI,Tue-Wed,0.32513886161153416,9.610401290192534,0.033831975564156735
AECI,Tue-Thu,0.5435732622492612,9.610401290192534,0.05656093287217679
AECI,Tue-Fri,1.2111922249065477,9.610401290192534,0.12602930807297044
AECI,Tue-Sat,2.464377313819851,9.610401290192534,0.256428138576769
AECI,Tue-Sun,2.2098079756559903,9.610401290192534,0.22993919909578708
AECI,Wed-Thu,0.4025429833914799,9.610401290192534,0.0418861784473326
AECI,Wed-Fri,1.253220979064675,9.610401290192534,0.1304025650150107
AECI,Wed-Sat,2.3847950535584523,9.610401290192534,0.24814729182975412
AECI,Wed-Sun,2.1449434154169853,9.610401290192534,0.22318978684125412
AECI,Thu-Fri,1.2649837164088686,9.610401290192534,0.13162652403493194
AECI,Thu-Sat,2.332230397334137,9.610401290192534,0.24267773289698014
AECI,Thu-Sun,2.0811201557082564,9.610401290192534,0.2165487259967022
AECI,Fri-Sat,1.6468813228804944,9.610401290192534,0.171364469927093
AECI,Fri-Sun,2.453836405388709,9.610401290192534,0.2553313156540989
AECI,Sat-Sun,1.4931660989293962,9.610401290192534,0.1553697971439736
AVA,Mon-Tue,0.8919939224803297,3.1173415336890855,0.2861392994128357
AVA,Mon-Wed,1.038258895773314,3.1173415336890855,0.3330590775995695
AVA,Mon-Thu,1.0393824853635878,3.1173415336890855,0.3334195095824405
AVA,Mon-Fri,1.4704863651785351,3.1173415336890855,0.4717116649834484
AVA,Mon-Sat,3.2921844416485166,3.1173415336890855,1.0560871839257602
AVA,Mon-Sun,3.6581030561348538,3.1173415336890855,1.1734688087916458
AVA,Tue-Wed,0.23003060848742407,3.1173415336890855,0.07379063410328483
AVA,Tue-Thu,0.26657872888604967,3.1173415336890855,0.08551476506668756
AVA,Tue-Fri,1.0317953201855938,3.1173415336890855,0.33098565204838476
AVA,Tue-Sat,2.536049702291413,3.1173415336890855,0.8135296292960985
AVA,Tue-Sun,3.194303364874212,3.1173415336890855,1.0246882897986636
AVA,Wed-Thu,0.1700481454049712,3.1173415336890855,0.05454909048856605
AVA,Wed-Fri,1.0360129857439273,3.1173415336890855,0.3323386207599466
AVA,Wed-Sat,2.374746129895154,3.1173415336890855,0.7617856767477325
AVA,Wed-Sun,3.0680715253978823,3.1173415336890855,0.9841948635532095
AVA,Thu-Fri,0.9459476075244921,3.1173415336890855,0.30344689450983914
AVA,Thu-Sat,2.296833845723528,3.1173415336890855,0.7367924947913671
AVA,Thu-Sun,3.006804143079435,3.1173415336890855,0.9645411356391099
AVA,Fri-Sat,2.632751589379377,3.1173415336890855,0.844550255699368
AVA,Fri-Sun,3.5400776974801946,3.1173415336890855,1.135607907963437
AVA,Sat-Sun,1.5746338185387019,3.1173415336890855,0.5051207259524331
AZPS,Mon-Tue,0.8404188692423975,8.1225061976421,0.10346792588306852
AZPS,Mon-Wed,0.9416479209948581,8.1225061976421,0.1159307112955126
AZPS,Mon-Thu,0.7650469841090719,8.1225061976421,0.09418853805629093
AZPS,Mon-Fri,1.2967359867342476,8.1225061976421,0.1596472757522401
AZPS,Mon-Sat,2.700267044172379,8.1225061976421,0.33244259572941237
AZPS,Mon-Sun,3.603880458042994,8.1225061976421,0.44369069968689867
AZPS,Tue-Wed,0.21934560817545995,8.1225061976421,0.02700467107542919
AZPS,Tue-Thu,0.6481352600158752,8.1225061976421,0.07979498497693037
AZPS,Tue-Fri,0.8044007031413711,8.1225061976421,0.09903355978661886
AZPS,Tue-Sat,2.1861301814105936,8.1225061976421,0.2691447846534374
AZPS,Tue-Sun,3.191823772579861,8.1225061976421,0.3929604600986851
AZPS,Wed-Thu,0.7301299675613686,8.1225061976421,0.08988973966844367
AZPS,Wed-Fri,0.8318436488618665,8.1225061976421,0.10241219010745035
AZPS,Wed-Sat,2.2018290335674573,8.1225061976421,0.27107754429373426
AZPS,Wed-Sun,3.27572883010208,8.1225061976421,0.40329040697475843
AZPS,Thu-Fri,0.9158292042756867,8.1225061976421,0.11275204745815334
AZPS,Thu-Sat,2.1216280543815174,8.1225061976421,0.26120362395013125
AZPS,Thu-Sun,3.133461825324587,8.1225061976421,0.3857752458513613
AZPS,Fri-Sat,1.908617907203036,8.1225061976421,0.2349789413219645
AZPS,Fri-Sun,3.232975789939897,8.1225061976421,0.39802687880723375
AZPS,Sat-Sun,1.7264523719867046,8.1225061976421,0.21255168416958306
BANC,Mon-Tue,0.780480877906653,5.49693897992462,0.14198463558665078
BANC,Mon-Wed,1.0262863931385886,5.49693897992462,0.1867014345414222
BANC,Mon-Thu,0.8679707498342796,5.49693897992462,0.15790074312343597
BANC,Mon-Fri,1.4568843637814044,5.49693897992462,0.2650355714520562
BANC,Mon-Sat,4.010920217250634,5.49693897992462,0.7296643153396686
BANC,Mon-Sun,4.692559810085825,5.49693897992462,0.8536678007930469
BANC,Tue-Wed,0.3145404455615703,5.49693897992462,0.05722101822674474
BANC,Tue-Thu,0.3096607010974397,5.49693897992462,0.056333297900586506
BANC,Tue-Fri,0.958880392911217,5.49693897992462,0.1744389734747185
BANC,Tue-Sat,3.490774178809731,5.49693897992462,0.6350396450749032
BANC,Tue-Sun,4.4376219546352065,5.49693897992462,0.8072896517210494
BANC,Wed-Thu,0.3711596757420946,5.49693897992462,0.06752115624670521
BANC,Wed-Fri,0.7758505268443537,5.49693897992462,0.1411422847657285
BANC,Wed-Sat,3.3989810008726655,5.49693897992462,0.618340682566441
BANC,Wed-Sun,4.445923688079422,5.49693897992462,0.8087998983282129
BANC,Thu-Fri,0.7901086393083975,5.49693897992462,0.14373611244257115
BANC,Thu-Sat,3.3584308243736194,5.49693897992462,0.6109638176153948
BANC,Thu-Sun,4.447771766789101,5.49693897992462,0.8091360997516647
BANC,Fri-Sat,3.3366285972643706,5.49693897992462,0.6069975689106387
BANC,Fri-Sun,4.5305850967339545,5.49693897992462,0.824201453441654
BANC,Sat-Sun,1.9567940568073623,5.49693897992462,0.35597885731563933
BPAT,Mon-Tue,1.237337834436234,3.036654489531009,0.40746744112707156
BPAT,Mon-Wed,1.2608927590350594,3.036654489531009,0.4152243079948802
BPAT,Mon-Thu,1.3246181456032433,3.036654489531009,0.4362097005668306
BPAT,Mon-Fri,1.9015894990945315,3.036654489531009,0.6262120058934394
BPAT,Mon-Sat,2.780564691895071,3.036654489531009,0.9156671269257606
BPAT,Mon-Sun,2.1952401367422305,3.036654489531009,0.7229140306578872
BPAT,Tue-Wed,0.237916078720519,3.036654489531009,0.0783480898273888
BPAT,Tue-Thu,0.30193822025201295,3.036654489531009,0.09943120670888221
BPAT,Tue-Fri,1.066571560743812,3.036654489531009,0.3512324383366172
BPAT,Tue-Sat,2.177592413362216,3.036654489531009,0.7171024628812911
BPAT,Tue-Sun,2.287463258657436,3.036654489531009,0.7532840059820963
BPAT,Wed-Thu,0.1435348799473613,3.036654489531009,0.04726743870341644
BPAT,Wed-Fri,0.9568780071255132,3.036654489531009,0.31510927911765707
BPAT,Wed-Sat,2.054856609577969,3.036654489531009,0.6766843632234657
BPAT,Wed-Sun,2.19559705485484,3.036654489531009,0.7230315672804565
BPAT,Thu-Fri,0.8474053607689923,3.036654489531009,0.2790588668188815
BPAT,Thu-Sat,1.9362143550118724,3.036654489531009,0.6376143093285888
BPAT,Thu-Sun,2.190766186734909,3.036654489531009,0.7214407151974863
BPAT,Fri-Sat,1.5836088835922557,3.036654489531009,0.5214978816496286
BPAT,Fri-Sun,2.4877488997841475,3.036654489531009,0.8192400249553461
BPAT,Sat-Sun,1.600984423229717,3.036654489531009,0.5272198166598066
CISO,Mon-Tue,1.1720470056374743,4.484451953959811,0.2613579134463792
CISO,Mon-Wed,1.2852370715773216,4.484451953959811,0.2865984706207959
CISO,Mon-Thu,1.5040527749516521,4.484451953959811,0.33539277271630935
CISO,Mon-Fri,1.9658535532026944,4.484451953959811,0.43837097005060527
CISO,Mon-Sat,4.673196490837066,4.484451953959811,1.0420886518163255
CISO,Mon-Sun,5.644113364234106,4.484451953959811,1.258596016231215
CISO,Tue-Wed,0.33580438627519155,4.484451953959811,0.07488192308062824
CISO,Tue-Thu,0.481803746869204,4.484451953959811,0.10743871309486705
CISO,Tue-Fri,0.9791141319707741,4.484451953959811,0.2183352931468488
CISO,Tue-Sat,3.7865631559522326,4.484451953959811,0.8443759002944973
CISO,Tue-Sun,5.088157692862033,4.484451953959811,1.1346219660953543
CISO,Wed-Thu,0.28169523097744664,4.484451953959811,0.06281597704011686
CISO,Wed-Fri,0.7658949888242309,4.484451953959811,0.1707889830657989
CISO,Wed-Sat,3.7445819047103983,4.484451953959811,0.8350143881916049
CISO,Wed-Sun,5.119344830321838,4.484451953959811,1.1415764697403907
CISO,Thu-Fri,0.5605581402788851,4.484451953959811,0.12500036705352752
CISO,Thu-Sat,3.6053633314036437,4.484451953959811,0.8039696641682327
CISO,Thu-Sun,5.080607319651828,4.484451953959811,1.1329382880700967
CISO,Fri-Sat,3.4942368370953734,4.484451953959811,0.7791892683809292
CISO,Fri-Sun,5.035893516470241,4.484451953959811,1.1229674368622689
CISO,Sat-Sun,1.9325891172555762,4.484451953959811,0.430953244029983
CPLE,Mon-Tue,1.839863718778715,7.954203704401526,0.23130709083558054
CPLE,Mon-Wed,1.1316016358045866,7.954203704401526,0.1422646034546997
CPLE,Mon-Thu,1.3682022947290715,7.954203704401526,0.17200996423714485
CPLE,Mon-Fri,2.0898300955126556,7.954203704401526,0.2627327854774741
CPLE,Mon-Sat,3.247249815603765,7.954203704401526,0.40824323040744753
CPLE,Mon-Sun,3.6318231408493764,7.954203704401526,0.45659166848338023
CPLE,Tue-Wed,1.0176240173728477,7.954203704401526,0.12793537294119545
CPLE,Tue-Thu,0.6907745179887121,7.954203704401526,0.08684395618463558
CPLE,Tue-Fri,1.1116701903341037,7.954203704401526,0.13975882836882234
CPLE,Tue-Sat,2.573278975573481,7.954203704401526,0.3235118273560853
CPLE,Tue-Sun,3.5753022993516117,7.954203704401526,0.4494858859816713
CPLE,Wed-Thu,0.44929208432140266,7.954203704401526,0.05648486020954971
CPLE,Wed-Fri,1.6009692596295035,7.954203704401526,0.20127335420685713
CPLE,Wed-Sat,2.7396275881540726,7.954203704401526,0.34442512286152244
CPLE,Wed-Sun,3.148015196148978,7.954203704401526,0.39576748511067134
CPLE,Thu-Fri,1.2140649532299972,7.954203704401526,0.15263186590986902
CPLE,Thu-Sat,2.4543170848225806,7.954203704401526,0.30855597568672566
CPLE,Thu-Sun,3.2785253383342483,7.954203704401526,0.4121751793356824
CPLE,Fri-Sat,2.60330349098482,7.954203704401526,0.3272865000357308
CPLE,Fri-Sun,3.8008934970687767,7.954203704401526,0.47784714074716494
CPLE,Sat-Sun,1.9948768881105479,7.954203704401526,0.25079529796385097
CPLW,Mon-Tue,1.6273587264695384,7.0988930393989715,0.22924119541422458
CPLW,Mon-Wed,1.2429935377334345,7.0988930393989715,0.17509681169089325
CPLW,Mon-Thu,1.2543500638792744,7.0988930393989715,0.17669657183417348
CPLW,Mon-Fri,1.659347937963748,7.0988930393989715,0.23374742072522292
CPLW,Mon-Sat,3.0729777276387598,7.0988930393989715,0.4328812549482974
CPLW,Mon-Sun,3.170388519949883,7.0988930393989715,0.4466032242427341
CPLW,Tue-Wed,0.40016200294326,7.0988930393989715,0.056369634071446684
CPLW,Tue-Thu,0.5037022635001411,7.0988930393989715,0.07095504337149262
CPLW,Tue-Fri,0.9676166705211164,7.0988930393989715,0.13630528945158465
CPLW,Tue-Sat,2.38619804218749,7.0988930393989715,0.33613663833840746
CPLW,Tue-Sun,2.987050180209249,7.0988930393989715,0.42077689628947385
CPLW,Wed-Thu,0.3152011047455471,7.0988930393989715,0.04440144442185223
CPLW,Wed-Fri,0.9680859631429584,7.0988930393989715,0.1363713973108294
CPLW,Wed-Sat,2.426827349682796,7.0988930393989715,0.34185996833786125
CPLW,Wed-Sun,2.846607187506015,7.0988930393989715,0.4009931086026087
CPLW,Thu-Fri,0.7704325422679119,7.0988930393989715,0.10852854635109993
CPLW,Thu-Sat,2.2711283709077694,7.0988930393989715,0.319927115157669
CPLW,Thu-Sun,2.884929152133104,7.0988930393989715,0.4063914100581176
CPLW,Fri-Sat,2.127052282450502,7.0988930393989715,0.299631544051351
CPLW,Fri-Sun,3.129509225218351,7.0988930393989715,0.44084467928302684
CPLW,Sat-Sun,1.989969091067749,7.0988930393989715,0.28032104160795046
DUK,Mon-Tue,1.7180290969347929,7.323761436421543,0.2345828863827981
DUK,Mon-Wed,1.1944094251686344,7.323761436421543,0.1630868830910792
DUK,Mon-Thu,1.4911293980976095,7.323761436421543,0.20360157974044948
DUK,Mon-Fri,2.139315324886938,7.323761436421543,0.29210609103786256
DUK,Mon-Sat,3.8450944669463416,7.323761436421543,0.525016345811653
DUK,Mon-Sun,4.358842679986273,7.323761436421543,0.5951644817797401
DUK,Tue-Wed,0.6472058251929561,7.323761436421543,0.08837068640362306
DUK,Tue-Thu,0.5171147975690966,7.323761436421543,0.07060781567753573
DUK,Tue-Fri,1.0637454503215567,7.323761436421543,0.1452457810861344
DUK,Tue-Sat,2.5470759587072096,7.323761436421543,0.3477824859286698
DUK,Tue-Sun,3.733800770655377,7.323761436421543,0.509820097646401
DUK,Wed-Thu,0.39698437957118815,7.323761436421543,0.054204985104642944
DUK,Wed-Fri,1.3550361035136982,7.323761436421543,0.18501914832657101
DUK,Wed-Sat,2.817800435802371,7.323761436421543,0.384747709256239
DUK,Wed-Sun,3.798648599691549,7.323761436421543,0.5186745407627046
DUK,Thu-Fri,1.0735811398914037,7.323761436421543,0.14658876442266602
DUK,Thu-Sat,2.5901253450235746,7.323761436421543,0.3536605291568773
DUK,Thu-Sun,3.7691503380037616,7.323761436421543,0.5146467932802306
DUK,Fri-Sat,2.640041130621543,7.323761436421543,0.36047612330631723
DUK,Fri-Sun,4.118343162606099,7.323761436421543,0.5623262306340714
DUK,Sat-Sun,2.3194702134854626,7.323761436421543,0.3167047744005677
EPE,Mon-Tue,1.5652587387868593,7.549846196683076,0.20732326169432894
EPE,Mon-Wed,1.9342111627159004,7.549846196683076,0.2561921279357546
EPE,Mon-Thu,1.3036978749387287,7.549846196683076,0.1726787329139885
EPE,Mon-Fri,2.469863505169795,7.549846196683076,0.3271409033809055
EPE,Mon-Sat,4.479427901107205,7.549846196683076,0.5933137953293912
EPE,Mon-Sun,5.408210348903723,7.549846196683076,0.7163338441622491
EPE,Tue-Wed,0.5748145912862445,7.549846196683076,0.07613593393979093
EPE,Tue-Thu,0.6509473520977713,7.549846196683076,0.08621994874329444
EPE,Tue-Fri,1.212636447287979,7.549846196683076,0.16061737096323028
EPE,Tue-Sat,3.736437342371796,7.549846196683076,0.4949024450343571
EPE,Tue-Sun,5.065981651949107,7.549846196683076,0.6710046165145428
EPE,Wed-Thu,0.8314177789879068,7.549846196683076,0.1101238034959148
EPE,Wed-Fri,1.008829300920549,7.549846196683076,0.1336224970203717
EPE,Wed-Sat,3.312992243936056,7.549846196683076,0.43881585897624975
EPE,Wed-Sun,4.803534804852893,7.549846196683076,0.636242736569026
EPE,Thu-Fri,1.3884255455641479,7.549846196683076,0.18390116955947183
EPE,Thu-Sat,3.5173281227174114,7.549846196683076,0.4658807651290569
EPE,Thu-Sun,4.937640182524139,7.549846196683076,0.6540054000958888
EPE,Fri-Sat,3.602560114913155,7.549846196683076,0.47717000069430443
EPE,Fri-Sun,5.23897722745032,7.549846196683076,0.6939184045566379
EPE,Sat-Sun,2.4470473639166768,7.549846196683076,0.32411883635348154
ERCO,Mon-Tue,0.4223563035360768,4.698697312734956,0.08988795732624819
ERCO,Mon-Wed,0.5878497670264233,4.698697312734956,0.12510909469166367
ERCO,Mon-Thu,0.41183189691980504,4.698697312734956,0.08764810106060893
ERCO,Mon-Fri,1.017044197618307,4.698697312734956,0.2164523760366082
ERCO,Mon-Sat,2.260165975825866,4.698697312734956,0.48101970086476975
ERCO,Mon-Sun,2.961045847446569,4.698697312734956,0.6301844214185063
ERCO,Tue-Wed,0.2605142142648363,4.698697312734956,0.05544392348039963
ERCO,Tue-Thu,0.2638572987068668,4.698697312734956,0.05615541524492971
ERCO,Tue-Fri,0.7889697449879722,4.698697312734956,0.16791244306152997
ERCO,Tue-Sat,2.090552997548837,4.698697312734956,0.4449218279889571
ERCO,Tue-Sun,2.966014718681423,4.698697312734956,0.6312419211687854
ERCO,Wed-Thu,0.3641587881473354,4.698697312734956,0.07750207427925818
ERCO,Wed-Fri,0.8888231857586095,4.698697312734956,0.18916374616207293
ERCO,Wed-Sat,1.9721939056814106,4.698697312734956,0.41973206070034375
ERCO,Wed-Sun,2.879152806909157,4.698697312734956,0.6127555395206544
ERCO,Thu-Fri,0.8898588116813254,4.698697312734956,0.1893841531927427
ERCO,Thu-Sat,2.099175807827632,4.698697312734956,0.44675697711750906
ERCO,Thu-Sun,2.9444768754927306,4.698697312734956,0.6266581308636899
ERCO,Fri-Sat,1.9451296738802908,4.698697312734956,0.413972117039413
ERCO,Fri-Sun,3.1930964484710325,4.698697312734956,0.6795705779592848
ERCO,Sat-Sun,1.6438788319693853,4.698697312734956,0.3498584229960831
FMPP,Mon-Tue,0.316799762101863,3.95753165790157,0.0800498364856649
FMPP,Mon-Wed,0.45028726576190775,3.95753165790157,0.11377982659036182
FMPP,Mon-Thu,0.5766544103216427,3.95753165790157,0.14571062474517416
FMPP,Mon-Fri,1.2305326573608166,3.95753165790157,0.31093438125856726
FMPP,Mon-Sat,2.8456979052359754,3.95753165790157,0.7190587849257711
FMPP,Mon-Sun,3.1313535634646765,3.95753165790157,0.7912390434610033
FMPP,Tue-Wed,0.2785275174843605,3.95753165790157,0.07037910029809998
FMPP,Tue-Thu,0.3357403455018845,3.95753165790157,0.08483579526939437
FMPP,Tue-Fri,1.1237452519193742,3.95753165790157,0.2839510455148767
FMPP,Tue-Sat,2.6854312887435707,3.95753165790157,0.6785621748298246
FMPP,Tue-Sun,2.8603317177225485,3.95753165790157,0.7227564969724595
FMPP,Wed-Thu,0.3018676027538263,3.95753165790157,0.0762767373322511
FMPP,Wed-Fri,1.1118066957593886,3.95753165790157,0.2809343782606428
FMPP,Wed-Sat,2.702540444859374,3.95753165790157,0.6828853635228685
FMPP,Wed-Sun,2.89656375485304,3.95753165790157,0.7319117079126299
FMPP,Thu-Fri,0.9620514441277319,3.95753165790157,0.24309380879036285
FMPP,Thu-Sat,2.5553912555658664,3.95753165790157,0.6457033010623672
FMPP,Thu-Sun,2.9467714349395164,3.95753165790157,0.7445983228096282
FMPP,Fri-Sat,2.3165813041976255,3.95753165790157,0.5853601447691167
FMPP,Fri-Sun,3.099696199380242,3.95753165790157,0.7832397735066549
FMPP,Sat-Sun,1.156339502824547,3.95753165790157,0.29218705061166356
FPC,Mon-Tue,0.40891313774664095,4.970782510955042,0.0822633331563879
FPC,Mon-Wed,0.6617472334617216,4.970782510955042,0.1331273762236239
FPC,Mon-Thu,0.6594885061417807,4.970782510955042,0.13267297546982648
FPC,Mon-Fri,1.4683537011942391,4.970782510955042,0.2953968913260948
FPC,Mon-Sat,3.144467462831315,4.970782510955042,0.6325900310265566
FPC,Mon-Sun,2.935957390959337,4.970782510955042,0.5906428986761781
FPC,Tue-Wed,0.3706368451902893,4.970782510955042,0.07456307822228143
FPC,Tue-Thu,0.4169810378991764,4.970782510955042,0.08388639756018242
FPC,Tue-Fri,1.352340392820291,4.970782510955042,0.27205784800278143
FPC,Tue-Sat,2.9479533813475944,4.970782510955042,0.5930561988682143
FPC,Tue-Sun,2.7156940516190184,4.970782510955042,0.5463312960552863
FPC,Wed-Thu,0.37220308807228664,4.970782510955042,0.07487816802525421
FPC,Wed-Fri,1.3123470751687543,4.970782510955042,0.2640121695681696
FPC,Wed-Sat,3.000258034171342,4.970782510955042,0.6035786171612041
FPC,Wed-Sun,2.7525348270317753,4.970782510955042,0.5537427600112257
FPC,Thu-Fri,1.1402012711160765,4.970782510955042,0.22938063948748552
FPC,Thu-Sat,2.7753704156021497,4.970782510955042,0.5583367225352442
FPC,Thu-Sun,2.6617567639739663,4.970782510955042,0.5354804315231567
FPC,Fri-Sat,2.033617428594472,4.970782510955042,0.40911414331900653
FPC,Fri-Sun,2.718763469040616,4.970782510955042,0.5469487878515645
FPC,Sat-Sun,1.5265880670373089,4.970782510955042,0.30711222300973373
FPL,Mon-Tue,0.3969457718792479,3.3240944205639686,0.11941471019102452
FPL,Mon-Wed,0.4426987572091905,3.3240944205639686,0.13317875523345749
FPL,Mon-Thu,0.6267123070862817,3.3240944205639686,0.18853625312482944
FPL,Mon-Fri,1.2106631342860232,3.3240944205639686,0.36420840719699565
FPL,Mon-Sat,2.6072795447337125,3.3240944205639686,0.7843578475401307
FPL,Mon-Sun,2.5606696092667423,3.3240944205639686,0.7703360029202471
FPL,Tue-Wed,0.2046579962708657,3.3240944205639686,0.061568045421568754
FPL,Tue-Thu,0.3434491732475138,3.3240944205639686,0.10332112443100937
FPL,Tue-Fri,1.026574371159378,3.3240944205639686,0.3088282826169566
FPL,Tue-Sat,2.3951786915481943,3.3240944205639686,0.7205507390917694
FPL,Tue-Sun,2.366479922341658,3.3240944205639686,0.7119171789170053
FPL,Wed-Thu,0.3396094772253413,3.3240944205639686,0.10216601403510159
FPL,Wed-Fri,1.0326881756918334,3.3240944205639686,0.31066752174766044
FPL,Wed-Sat,2.443242063006407,3.3240944205639686,0.7350098264031515
FPL,Wed-Sun,2.4095969580828864,3.3240944205639686,0.7248882411932427
FPL,Thu-Fri,0.7233535419762991,3.3240944205639686,0.2176092043298741
FPL,Thu-Sat,2.2147814254110414,3.3240944205639686,0.6662811416275233
FPL,Thu-Sun,2.435866747496669,3.3240944205639686,0.7327910821147486
FPL,Fri-Sat,1.7580442217846617,3.3240944205639686,0.5288791470268737
FPL,Fri-Sun,2.5696792161399173,3.3240944205639686,0.7730463973114047
FPL,Sat-Sun,1.336269497033216,3.3240944205639686,0.40199504826535687
GCPD,Mon-Tue,0.6141125922084218,2.6792423333474606,0.22921129028337875
GCPD,Mon-Wed,0.7680307854792088,2.6792423333474606,0.2866596932721747
GCPD,Mon-Thu,0.7813299348831011,2.6792423333474606,0.29162346576798936
GCPD,Mon-Fri,1.296652374499498,2.6792423333474606,0.4839623345602535
GCPD,Mon-Sat,1.819582167474676,2.6792423333474606,0.6791405707602715
GCPD,Mon-Sun,1.4586925704629958,2.6792423333474606,0.5444421925957317
GCPD,Tue-Wed,0.18856404590493112,2.6792423333474606,0.07037961574358155
GCPD,Tue-Thu,0.21961409758189349,2.6792423333474606,0.08196873229735303
GCPD,Tue-Fri,0.7972915534773368,2.6792423333474606,0.2975809778584665
GCPD,Tue-Sat,1.3573289065563159,2.6792423333474606,0.5066092341339133
GCPD,Tue-Sun,1.153369241439976,2.6792423333474606,0.4304833598232042
GCPD,Wed-Thu,0.1417722300188465,2.6792423333474606,0.05291504551651193
GCPD,Wed-Fri,0.6991153753422563,2.6792423333474606,0.2609377161000504
GCPD,Wed-Sat,1.2485494025568156,2.6792423333474606,0.4660083886465286
GCPD,Wed-Sun,1.0619748469277321,2.6792423333474606,0.39637132995017094
GCPD,Thu-Fri,0.6144118537773748,2.6792423333474606,0.229322986625747
GCPD,Thu-Sat,1.186327617846228,2.6792423333474606,0.44278473920797734
GCPD,Thu-Sun,1.1068086961286383,2.6792423333474606,0.4131051089901917
GCPD,Fri-Sat,0.8600994890384177,2.6792423333474606,0.3210234021510867
GCPD,Fri-Sun,1.2289894475257785,2.6792423333474606,0.45870783401301074
GCPD,Sat-Sun,0.8736871531711127,2.6792423333474606,0.32609485984029035
IPCO,Mon-Tue,1.2307175349567698,4.2341505901744565,0.2906645639417519
IPCO,Mon-Wed,1.1530460314824436,4.2341505901744565,0.2723205060675311
IPCO,Mon-Thu,1.1429984120122232,4.2341505901744565,0.26994751076275
IPCO,Mon-Fri,1.5603823068190574,4.2341505901744565,0.3685231012897834
IPCO,Mon-Sat,2.9035087901383947,4.2341505901744565,0.6857358349219137
IPCO,Mon-Sun,2.978166454709293,4.2341505901744565,0.7033680997601425
IPCO,Tue-Wed,0.19037484349428638,4.2341505901744565,0.044961755478432924
IPCO,Tue-Thu,0.3177959662977722,4.2341505901744565,0.07505542363921408
IPCO,Tue-Fri,0.9813417461062679,4.2341505901744565,0.2317682673789442
IPCO,Tue-Sat,2.061667938783078,4.2341505901744565,0.48691417437236983
IPCO,Tue-Sun,2.522296511351795,4.2341505901744565,0.5957030714034832
IPCO,Wed-Thu,0.27634940870133723,4.2341505901744565,0.06526678794623386
IPCO,Wed-Fri,0.977558491281008,4.2341505901744565,0.23087475763131288
IPCO,Wed-Sat,1.9884695828442305,4.2341505901744565,0.4696265615726013
IPCO,Wed-Sun,2.400798846682624,4.2341505901744565,0.5670083752462157
IPCO,Thu-Fri,0.7975062920223062,4.2341505901744565,0.1883509513981285
IPCO,Thu-Sat,1.9766236590739692,4.2341505901744565,0.4668288519687553
IPCO,Thu-Sun,2.592444634078677,4.2341505901744565,0.612270295745873
IPCO,Fri-Sat,2.015989270263364,4.2341505901744565,0.47612602039747026
IPCO,Fri-Sun,2.7785407554417727,4.2341505901744565,0.6562215245460343
IPCO,Sat-Sun,1.0584334882850568,4.2341505901744565,0.24997540019979472
ISNE,Mon-Tue,0.8755451516965131,4.09816675858807,0.2136431246634196
ISNE,Mon-Wed,1.1602725776278735,4.09816675858807,0.2831199035999255
ISNE,Mon-Thu,1.091674880632689,4.09816675858807,0.26638127361337555
ISNE,Mon-Fri,1.6897851578328498,4.09816675858807,0.4123270860786121
ISNE,Mon-Sat,3.7356317915458757,4.09816675858807,0.911537282790538
ISNE,Mon-Sun,4.18366591075593,4.09816675858807,1.0208627801659582
ISNE,Tue-Wed,0.41552117376394515,4.09816675858807,0.10139196334389856
ISNE,Tue-Thu,0.30875909834644966,4.09816675858807,0.07534078443719201
ISNE,Tue-Fri,1.0382801795676317,4.09816675858807,0.2533523501433474
ISNE,Tue-Sat,3.0526755459523707,4.09816675858807,0.7448880745409444
ISNE,Tue-Sun,3.8034882005259734,4.09816675858807,0.9280950299436763
ISNE,Wed-Thu,0.4040567488154605,4.09816675858807,0.09859451130648209
ISNE,Wed-Fri,0.9095921202777786,4.09816675858807,0.22195097804930658
ISNE,Wed-Sat,2.680595584183445,4.09816675858807,0.6540962684268571
ISNE,Wed-Sun,3.483085792166653,4.09816675858807,0.8499131434482357
ISNE,Thu-Fri,0.7416863492102554,4.09816675858807,0.18098003153629275
ISNE,Thu-Sat,2.8414421467268713,4.09816675858807,0.6933446865656159
ISNE,Thu-Sun,3.879221634310861,4.09816675858807,0.9465748620847627
ISNE,Fri-Sat,2.7605644018562554,4.09816675858807,0.6736095831315916
ISNE,Fri-Sun,3.9788923189996313,4.09816675858807,0.9708956597877604
ISNE,Sat-Sun,1.8343093984402845,4.09816675858807,0.44759266923346336
JEA,Mon-Tue,1.0829991810764206,5.404514006870203,0.2003878942120818
JEA,Mon-Wed,1.4021052493495634,5.404514006870203,0.25943225377290374
JEA,Mon-Thu,1.4219523861602696,5.404514006870203,0.26310457968148254
JEA,Mon-Fri,2.219496121313763,5.404514006870203,0.4106745062539103
JEA,Mon-Sat,3.7409304301522583,5.404514006870203,0.6921862771373704
JEA,Mon-Sun,3.9213829911997533,5.404514006870203,0.7255755071066339
JEA,Tue-Wed,0.394815418712082,5.404514006870203,0.07305289952254611
JEA,Tue-Thu,0.39908671750918373,5.404514006870203,0.07384322013077695
JEA,Tue-Fri,1.3133493513979562,5.404514006870203,0.24300970443011716
JEA,Tue-Sat,3.086033071966233,5.404514006870203,0.5710102828937582
JEA,Tue-Sun,3.672606980343696,5.404514006870203,0.6795443541593358
JEA,Wed-Thu,0.2971731526868177,5.404514006870203,0.05498610093507983
JEA,Wed-Fri,1.1859449758372387,5.404514006870203,0.21943600744297614
JEA,Wed-Sat,2.877360698872398,5.404514006870203,0.5323995266206555
JEA,Wed-Sun,3.560182082059033,5.404514006870203,0.6587423175392533
JEA,Thu-Fri,1.0196575748074717,5.404514006870203,0.1886677643005987
JEA,Thu-Sat,2.7645717148281133,5.404514006870203,0.5115301230256407
JEA,Thu-Sun,3.5687847615046344,5.404514006870203,0.6603340757315098
JEA,Fri-Sat,2.3961074846608614,5.404514006870203,0.4433529974415713
JEA,Fri-Sun,3.7679051309859437,5.404514006870203,0.6971774198746074
JEA,Sat-Sun,1.6209938337798904,5.404514006870203,0.2999333208720132
LDWP,Mon-Tue,0.7193407616259097,4.789472387603897,0.15019206781266886
LDWP,Mon-Wed,0.5403517395359352,4.789472387603897,0.11282072341297393
LDWP,Mon-Thu,0.806468674576047,4.789472387603897,0.1683836150018001
LDWP,Mon-Fri,1.067304484156054,4.789472387603897,0.2228438537235227
LDWP,Mon-Sat,4.706355023058041,4.789472387603897,0.9826458202868065
LDWP,Mon-Sun,6.002270413086969,4.789472387603897,1.2532216343123792
LDWP,Tue-Wed,0.3002132860205545,4.789472387603897,0.06268191185266375
LDWP,Tue-Thu,0.3103119471000465,4.789472387603897,0.06479042407744019
LDWP,Tue-Fri,0.565388897104099,4.789472387603897,0.11804826322152674
LDWP,Tue-Sat,4.119271477452443,4.789472387603897,0.8600679039540834
LDWP,Tue-Sun,5.507295558798516,4.789472387603897,1.1498752081862893
LDWP,Wed-Thu,0.3234870239726607,4.789472387603897,0.06754126504829826
LDWP,Wed-Fri,0.6013004064956797,4.789472387603897,0.12554627270677335
LDWP,Wed-Sat,4.227157677765366,4.789472387603897,0.8825936002274669
LDWP,Wed-Sun,5.57175650865034,4.789472387603897,1.163334091469271
LDWP,Thu-Fri,0.4375232757458611,4.789472387603897,0.09135103834782678
LDWP,Thu-Sat,4.133031475784334,4.789472387603897,0.8629408714165338
LDWP,Thu-Sun,5.540094269424014,4.789472387603897,1.156723292478494
LDWP,Fri-Sat,4.093118434423196,4.789472387603897,0.854607377008164
LDWP,Fri-Sun,5.508601752837592,4.789472387603897,1.1501479300924553
LDWP,Sat-Sun,1.6632628704566685,4.789472387603897,0.3472747592744291
LGEE,Mon-Tue,1.1711470536654072,6.106277467534295,0.19179394645790873
LGEE,Mon-Wed,1.3513321223730748,6.106277467534295,0.22130211566012253
LGEE,Mon-Thu,1.4179945816299118,6.106277467534295,0.23221915302229063
LGEE,Mon-Fri,2.0498116230275363,6.106277467534295,0.33568923684289226
LGEE,Mon-Sat,3.9866172133635773,6.106277467534295,0.6528719395015252
LGEE,Mon-Sun,4.353259193743905,6.106277467534295,0.7129153918879719
LGEE,Tue-Wed,0.3016785542893395,6.106277467534295,0.04940465871282407
LGEE,Tue-Thu,0.4521415658271072,6.106277467534295,0.07404536859503065
LGEE,Tue-Fri,1.4419516816978186,6.106277467534295,0.23614250897774489
LGEE,Tue-Sat,2.992916732563958,6.106277467534295,0.4901376900209045
LGEE,Tue-Sun,3.536579107112823,6.106277467534295,0.5791710458484763
LGEE,Wed-Thu,0.27180752127369195,6.106277467534295,0.04451280222997259
LGEE,Wed-Fri,1.3199183648460246,6.106277467534295,0.21615761351555574
LGEE,Wed-Sat,2.790352964870211,6.106277467534295,0.45696465313046947
LGEE,Wed-Sun,3.4344398962564524,6.106277467534295,0.5624441264774811
LGEE,Thu-Fri,1.0942601920802404,6.106277467534295,0.17920250068854157
LGEE,Thu-Sat,2.802892491581635,6.106277467534295,0.4590181999563538
LGEE,Thu-Sun,3.679713974896075,6.106277467534295,0.6026116557035424
LGEE,Fri-Sat,2.8908014889663147,6.106277467534295,0.4734146956695067
LGEE,Fri-Sun,4.0968492304386555,6.106277467534295,0.6709241845331598
LGEE,Sat-Sun,2.9090581906644495,6.106277467534295,0.4764045207790275
MISO,Mon-Tue,1.0203226599797808,3.6611339109759227,0.2786903415143863
MISO,Mon-Wed,1.2609409109959342,3.6611339109759227,0.34441267149930993
MISO,Mon-Thu,1.1959942021304184,3.6611339109759227,0.3266731649844544
MISO,Mon-Fri,1.9528539078051108,3.6611339109759227,0.5334013874637413
MISO,Mon-Sat,3.496056162344273,3.6611339109759227,0.9549107591676028
MISO,Mon-Sun,3.9354180416378943,3.6611339109759227,1.0749178088896665
MISO,Tue-Wed,0.2622658208450448,3.6611339109759227,0.07163513469386713
MISO,Tue-Thu,0.24181513662540216,3.6611339109759227,0.06604924662833303
MISO,Tue-Fri,1.268239153426074,3.6611339109759227,0.34640610921767906
MISO,Tue-Sat,2.5955137472582885,3.6611339109759227,0.7089371245004312
MISO,Tue-Sun,3.336465935569857,3.6611339109759227,0.9113203768830404
MISO,Wed-Thu,0.2391724022978105,3.6611339109759227,0.06532741170181781
MISO,Wed-Fri,1.1410639013983739,3.6611339109759227,0.31166953439684714
MISO,Wed-Sat,2.3961808803616877,3.6611339109759227,0.6544914604674907
MISO,Wed-Sun,3.203606949648678,3.6611339109759227,0.8750313502722208
MISO,Thu-Fri,1.0974540469656204,3.6611339109759227,0.29975796396725624
MISO,Thu-Sat,2.478899833773541,3.6611339109759227,0.6770852675838777
MISO,Thu-Sun,3.3664747273244306,3.6611339109759227,0.9195169609152737
MISO,Fri-Sat,2.524478985280207,3.6611339109759227,0.6895347306778173
MISO,Fri-Sun,3.716179566615493,3.6611339109759227,1.015035138560364
MISO,Sat-Sun,2.0334355338853447,3.6611339109759227,0.5554114062283251
NEVP,Mon-Tue,0.4077893816452658,5.63865787558165,0.07232029157349801
NEVP,Mon-Wed,0.4135602969658285,5.63865787558165,0.07334374705668202
NEVP,Mon-Thu,0.31651810562891913,5.63865787558165,0.05613358934217463
NEVP,Mon-Fri,0.6880176896780855,5.63865787558165,0.12201798812046452
NEVP,Mon-Sat,2.07550865547266,5.63865787558165,0.36808558016273735
NEVP,Mon-Sun,2.3622891406133038,5.63865787558165,0.4189452867575556
NEVP,Tue-Wed,0.3585998394647592,5.63865787558165,0.063596665621031
NEVP,Tue-Thu,0.3839378619848568,5.63865787558165,0.06809029213272708
NEVP,Tue-Fri,0.5585733054673379,5.63865787558165,0.09906139329471533
NEVP,Tue-Sat,1.8050956187595033,5.63865787558165,0.32012859417779455
NEVP,Tue-Sun,2.293463434590276,5.63865787558165,0.4067392427765793
NEVP,Wed-Thu,0.4251521462141,5.63865787558165,0.0753995286813254
NEVP,Wed-Fri,0.7081340465045367,5.63865787558165,0.12558556701429413
NEVP,Wed-Sat,1.7813757780362307,5.63865787558165,0.3159219476234803
NEVP,Wed-Sun,1.9658744223907982,5.63865787558165,0.3486422595178308
NEVP,Thu-Fri,0.5744564155090486,5.63865787558165,0.10187821786399677
NEVP,Thu-Sat,2.06218253826274,5.63865787558165,0.36572223102825113
NEVP,Thu-Sun,2.3899858856911225,5.63865787558165,0.4238572260326374
NEVP,Fri-Sat,1.739374549458481,5.63865787558165,0.308473148724076
NEVP,Fri-Sun,2.3130602361212107,5.63865787558165,0.4102146800106416
NEVP,Sat-Sun,0.9988490864427804,5.63865787558165,0.17714305575593112
NWMT,Mon-Tue,0.6073841670972757,2.5398250478786837,0.23914409679697268
NWMT,Mon-Wed,0.8031816282545772,2.5398250478786837,0.3162350213552747
NWMT,Mon-Thu,0.7251879679270438,2.5398250478786837,0.2855267407228448
NWMT,Mon-Fri,1.3023103203128705,2.5398250478786837,0.5127559165544052
NWMT,Mon-Sat,2.635054686842537,2.5398250478786837,1.0374945664243256
NWMT,Mon-Sun,2.7021859513021917,2.5398250478786837,1.0639260186677486
NWMT,Tue-Wed,0.21471304713942832,2.5398250478786837,0.08453851863488049
NWMT,Tue-Thu,0.2838706058846495,2.5398250478786837,0.11176777948612812
NWMT,Tue-Fri,0.921144184096961,2.5398250478786837,0.36268017155997434
NWMT,Tue-Sat,2.0607751308272055,2.5398250478786837,0.8113846788574706
NWMT,Tue-Sun,2.425207062466739,2.5398250478786837,0.9548717005103653
NWMT,Wed-Thu,0.2715387656013849,2.5398250478786837,0.10691238982314152
NWMT,Wed-Fri,0.8279472439140239,2.5398250478786837,0.32598593537202225
NWMT,Wed-Sat,1.9033999286527568,2.5398250478786837,0.7494216699069557
NWMT,Wed-Sun,2.362857241764882,2.5398250478786837,0.9303228361096726
NWMT,Thu-Fri,0.7301723393879105,2.5398250478786837,0.2874892268653568
NWMT,Thu-Sat,2.045889731619892,2.5398250478786837,0.8055238817841658
NWMT,Thu-Sun,2.589687914878887,2.5398250478786837,1.0196324022561514
NWMT,Fri-Sat,2.0737310174687074,2.5398250478786837,0.8164857729868961
NWMT,Fri-Sun,2.686678295683884,2.5398250478786837,1.0578202218801864
NWMT,Sat-Sun,1.400889965861305,2.5398250478786837,0.5515694740593878
NYIS,Mon-Tue,0.6308879755845906,3.053784009688737,0.20659220612295207
NYIS,Mon-Wed,0.6424231395707063,3.053784009688737,0.21036954071816838
NYIS,Mon-Thu,0.6531398853999302,3.053784009688737,0.21387887398968428
NYIS,Mon-Fri,1.1029408737722597,3.053784009688737,0.3611718675168121
NYIS,Mon-Sat,3.9944006825819813,3.053784009688737,1.3080167653995667
NYIS,Mon-Sun,4.520386998160831,3.053784009688737,1.4802576029670087
NYIS,Tue-Wed,0.16019724363938723,3.053784009688737,0.05245860320544269
NYIS,Tue-Thu,0.17569113520757648,3.053784009688737,0.057532272960419406
NYIS,Tue-Fri,0.6926153968595281,3.053784009688737,0.226805626940893
NYIS,Tue-Sat,3.5475888806706104,3.053784009688737,1.1617026185922708
NYIS,Tue-Sun,4.1818580277023125,3.053784009688737,1.3694020318511513
NYIS,Wed-Thu,0.18919994430553053,3.053784009688737,0.061955902482053765
NYIS,Wed-Fri,0.7356304184067037,3.053784009688737,0.2408914370082396
NYIS,Wed-Sat,3.4681355115494092,3.053784009688737,1.1356846131049412
NYIS,Wed-Sun,4.08420233635696,3.053784009688737,1.3374234469101338
NYIS,Thu-Fri,0.6225955487290804,3.053784009688737,0.20387674660479332
NYIS,Thu-Sat,3.522622914829171,3.053784009688737,1.1535271989285911
NYIS,Thu-Sun,4.192485034614512,3.053784009688737,1.3728819789850948
NYIS,Fri-Sat,3.3921465671368374,3.053784009688737,1.1108010770816068
NYIS,Fri-Sun,4.276811508872539,3.053784009688737,1.4004957440681802
NYIS,Sat-Sun,1.5936950090641284,3.053784009688737,0.5218754843197208
PACE,Mon-Tue,0.8176415138270968,3.3423711956453332,0.24462917670316672
PACE,Mon-Wed,0.9581487167180618,3.3423711956453332,0.2866673569848862
PACE,Mon-Thu,0.7253134528192429,3.3423711956453332,0.2170056556746989
PACE,Mon-Fri,1.2095967208963834,3.3423711956453332,0.36189778157265345
PACE,Mon-Sat,2.854021587769809,3.3423711956453332,0.8538912708104417
PACE,Mon-Sun,3.5003607488078923,3.3423711956453332,1.0472687035384933
PACE,Tue-Wed,0.25673978849526613,3.3423711956453332,0.07681366714438063
PACE,Tue-Thu,0.23386185935457005,3.3423711956453332,0.06996884716433084
PACE,Tue-Fri,0.6921021879950149,3.3423711956453332,0.20706921747552526
PACE,Tue-Sat,2.168690851419346,3.3423711956453332,0.6488479957716434
PACE,Tue-Sun,2.895241205766708,3.3423711956453332,0.8662237185202002
PACE,Wed-Thu,0.31980590373398654,3.3423711956453332,0.09568234197047032
PACE,Wed-Fri,0.6200088830134444,3.3423711956453332,0.18549970865630777
PACE,Wed-Sat,2.062038270428691,3.3423711956453332,0.6169387389154303
PACE,Wed-Sun,2.8243394430892623,3.3423711956453332,0.8450107058034135
PACE,Thu-Fri,0.636820252686292,3.3423711956453332,0.19052948203837577
PACE,Thu-Sat,2.3034254592641075,3.3423711956453332,0.6891590803155453
PACE,Thu-Sun,3.036595075034704,3.3423711956453332,0.9085152118923789
PACE,Fri-Sat,2.3190673750586495,3.3423711956453332,0.6938389662046175
PACE,Fri-Sun,3.1436189316018264,3.3423711956453332,0.9405355502397655
PACE,Sat-Sun,0.9681014315537582,3.3423711956453332,0.28964509771238633
PACW,Mon-Tue,1.4521176854827937,4.213738551080272,0.3446150414601579
PACW,Mon-Wed,1.3309722172954244,4.213738551080272,0.3158649263975346
PACW,Mon-Thu,1.4036728939705914,4.213738551080272,0.3331181745034307
PACW,Mon-Fri,2.1245331964952294,4.213738551080272,0.5041919831382431
PACW,Mon-Sat,3.7931571688809584,4.213738551080272,0.9001880688369975
PACW,Mon-Sun,4.141792119586503,4.213738551080272,0.9829257485670713
PACW,Tue-Wed,0.3278118115471776,4.213738551080272,0.07779595425139435
PACW,Tue-Thu,0.2867132237595851,4.213738551080272,0.06804248063422935
PACW,Tue-Fri,1.09431020672135,4.213738551080272,0.2597005470215523
PACW,Tue-Sat,2.8132791665200036,4.213738551080272,0.667644452169147
PACW,Tue-Sun,3.544777108328489,4.213738551080272,0.8412427741677798
PACW,Wed-Thu,0.2526106590341075,4.213738551080272,0.05994929585020076
PACW,Wed-Fri,1.1926260687826162,4.213738551080272,0.2830327639755589
PACW,Wed-Sat,2.80237837921171,4.213738551080272,0.6650574887930023
PACW,Wed-Sun,3.428669625873484,4.213738551080272,0.8136882685790933
PACW,Thu-Fri,1.0373236150462455,4.213738551080272,0.2461765490363202
PACW,Thu-Sat,2.719148784924844,4.213738551080272,0.6453055290361426
PACW,Thu-Sun,3.535430774591588,4.213738551080272,0.8390247120778799
PACW,Fri-Sat,2.6353145607415667,4.213738551080272,0.62541007914835
PACW,Fri-Sun,3.7704674770887174,4.213738551080272,0.8948033750509001
PACW,Sat-Sun,1.984472000307136,4.213738551080272,0.47095280740623524
PGE,Mon-Tue,0.9172551741053545,3.274834717712776,0.2800920514077082
PGE,Mon-Wed,0.9973514463368407,3.274834717712776,0.3045501627738377
PGE,Mon-Thu,1.0839527918785286,3.274834717712776,0.3309946563152315
PGE,Mon-Fri,1.7931580883116802,3.274834717712776,0.5475568212993861
PGE,Mon-Sat,3.535576367593908,3.274834717712776,1.079619789197557
PGE,Mon-Sun,4.139298361853431,3.274834717712776,1.2639716867129152
PGE,Tue-Wed,0.19020232587341113,3.274834717712776,0.058079977241188234
PGE,Tue-Thu,0.31973122739098925,3.274834717712776,0.09763278301089262
PGE,Tue-Fri,1.24860540214183,3.274834717712776,0.38127279993351426
PGE,Tue-Sat,2.8989335862282264,3.274834717712776,0.8852152356113141
PGE,Tue-Sun,3.817092388905027,3.274834717712776,1.1655832180657277
PGE,Wed-Thu,0.2419557378346111,3.274834717712776,0.07388334334124773
PGE,Wed-Fri,1.1308118823138895,3.274834717712776,0.3453034976689376
PGE,Wed-Sat,2.8593732237125797,3.274834717712776,0.8731351259490846
PGE,Wed-Sun,3.789717554562336,3.274834717712776,1.1572240681536339
PGE,Thu-Fri,0.9655807026796962,3.274834717712776,0.2948486827311032
PGE,Thu-Sat,2.6967432178553175,3.274834717712776,0.8234746026324004
PGE,Thu-Sun,3.8119273024492646,3.274834717712776,1.1640060128321856
PGE,Fri-Sat,2.896429106472235,3.274834717712776,0.8844504703721876
PGE,Fri-Sun,4.229382326868417,3.274834717712776,1.291479629183338
PGE,Sat-Sun,1.9232056823482941,3.274834717712776,0.5872680144576907
PJM,Mon-Tue,1.1368406185465114,3.988291787781547,0.28504449499640777
PJM,Mon-Wed,1.12821819881882,3.988291787781547,0.28288256197182143
PJM,Mon-Thu,1.0836005527689294,3.988291787781547,0.27169540505753037
PJM,Mon-Fri,1.7798773017203051,3.988291787781547,0.44627559778176273
PJM,Mon-Sat,3.6466823909584836,3.988291787781547,0.9143469397425706
PJM,Mon-Sun,3.940588667128626,3.988291787781547,0.9880392099697762
PJM,Tue-Wed,0.13005509375063667,3.988291787781547,0.032609222361581196
PJM,Tue-Thu,0.258564622830081,3.988291787781547,0.06483091924773773
PJM,Tue-Fri,0.9835010604590102,3.988291787781547,0.24659706781536017
PJM,Tue-Sat,2.745056117353643,3.988291787781547,0.6882786574852281
PJM,Tue-Sun,3.389203079689741,3.988291787781547,0.8497881449077617
PJM,Wed-Thu,0.2158576002954531,3.988291787781547,0.05412282044075868
PJM,Wed-Fri,1.0012118109011678,3.988291787781547,0.2510377535486398
PJM,Wed-Sat,2.7810375562392506,3.988291787781547,0.6973004243970271
PJM,Wed-Sun,3.4314955518288333,3.988291787781547,0.8603923018725702
PJM,Thu-Fri,0.9255100385587997,3.988291787781547,0.23205675206467447
PJM,Thu-Sat,2.7968661876394574,3.988291787781547,0.7012691990610823
PJM,Thu-Sun,3.523144265392637,3.988291787781547,0.8833717423048316
PJM,Fri-Sat,2.7077821550498986,3.988291787781547,0.678932811121144
PJM,Fri-Sun,3.8781537335122165,3.988291787781547,0.9723846548522986
PJM,Sat-Sun,2.181324262377627,3.988291787781547,0.5469319644716792
PNM,Mon-Tue,0.5280548432099667,5.413021236509317,0.09755270118808776
PNM,Mon-Wed,0.6505416950410775,5.413021236509317,0.12018088727480976
PNM,Mon-Thu,0.43681003041465116,5.413021236509317,0.08069616048584652
PNM,Mon-Fri,1.1047051182879803,5.413021236509317,0.20408290860509706
PNM,Mon-Sat,2.4084477095546575,5.413021236509317,0.44493594322341656
PNM,Mon-Sun,2.9071545841291506,5.413021236509317,0.5370669090527864
PNM,Tue-Wed,0.41288744052960435,5.413021236509317,0.07627670805072662
PNM,Tue-Thu,0.2926652347719329,5.413021236509317,0.05406689203396942
PNM,Tue-Fri,0.6810775783749747,5.413021236509317,0.12582207765624429
PNM,Tue-Sat,2.0503675722951753,5.413021236509317,0.37878432075344887
PNM,Tue-Sun,2.7589696778498354,5.413021236509317,0.5096912717137253
PNM,Wed-Thu,0.4172503162182674,5.413021236509317,0.0770827044616102
PNM,Wed-Fri,0.7617431650301194,5.413021236509317,0.1407242151374494
PNM,Wed-Sat,1.866019488487343,5.413021236509317,0.3447279083077603
PNM,Wed-Sun,2.4651888079148074,5.413021236509317,0.45541827755778924
PNM,Thu-Fri,0.8253528742418508,5.413021236509317,0.15247545468232715
PNM,Thu-Sat,2.124081969691881,5.413021236509317,0.39240229751280875
PNM,Thu-Sun,2.7675293942169725,5.413021236509317,0.5112725912750461
PNM,Fri-Sat,2.0352368560766165,5.413021236509317,0.37598907655294467
PNM,Fri-Sun,2.8534509216316177,5.413021236509317,0.5271457097537117
PNM,Sat-Sun,1.5356925732307292,5.413021236509317,0.2837034081582595
PSCO,Mon-Tue,0.9339127526453241,4.394578329643016,0.2125147585482197
PSCO,Mon-Wed,1.063944226914539,4.394578329643016,0.24210382592064666
PSCO,Mon-Thu,1.1768864781804376,4.394578329643016,0.26780418731915956
PSCO,Mon-Fri,1.532849886249144,4.394578329643016,0.3488047706214538
PSCO,Mon-Sat,3.686161508516678,4.394578329643016,0.8387975437033831
PSCO,Mon-Sun,4.229114603421617,4.394578329643016,0.9623482132278115
PSCO,Tue-Wed,0.21112854284345672,4.394578329643016,0.04804295816490937
PSCO,Tue-Thu,0.32910164722958557,4.394578329643016,0.07488810587575064
PSCO,Tue-Fri,0.8959300933158123,4.394578329643016,0.2038716859982767
PSCO,Tue-Sat,3.01786545399594,4.394578329643016,0.686724692933415
PSCO,Tue-Sun,3.8495945322261313,4.394578329643016,0.875987237787805
PSCO,Wed-Thu,0.27161486278104296,4.394578329643016,0.06180680884646036
PSCO,Wed-Fri,0.9536689886840359,4.394578329643016,0.21701035165335308
PSCO,Wed-Sat,2.8815861230428768,4.394578329643016,0.655713906293475
PSCO,Wed-Sun,3.718914786588065,4.394578329643016,0.8462506542442635
PSCO,Thu-Fri,0.6889659710098652,4.394578329643016,0.15677635471019852
PSCO,Thu-Sat,2.7896181032063536,4.394578329643016,0.6347862966486166
PSCO,Thu-Sun,3.7811249770584494,4.394578329643016,0.8604067770401082
PSCO,Fri-Sat,3.0893126133374214,4.394578329643016,0.7029827167942129
PSCO,Fri-Sun,4.160878535338888,4.394578329643016,0.9468208831942445
PSCO,Sat-Sun,1.4681159706573017,4.394578329643016,0.33407436630593884
PSEI,Mon-Tue,0.9487881400920619,3.215413020208386,0.2950750445212082
PSEI,Mon-Wed,0.9614128822804732,3.215413020208386,0.2990013650620117
PSEI,Mon-Thu,1.1340391081016703,3.215413020208386,0.35268847298135747
PSEI,Mon-Fri,1.5901344510660598,3.215413020208386,0.49453505383983476
PSEI,Mon-Sat,3.6301098518239936,3.215413020208386,1.128971559488408
PSEI,Mon-Sun,3.7988794428856734,3.215413020208386,1.1814592461404767
PSEI,Tue-Wed,0.16882579679625268,3.215413020208386,0.052505166750028066
PSEI,Tue-Thu,0.2609271937666941,3.215413020208386,0.08114888884470083
PSEI,Tue-Fri,1.1805791752943768,3.215413020208386,0.36716252869370586
PSEI,Tue-Sat,3.12425090077061,3.215413020208386,0.971648395131563
PSEI,Tue-Sun,3.6730726783418763,3.215413020208386,1.1423330860630247
PSEI,Wed-Thu,0.2346488013629107,3.215413020208386,0.07297625527052928
PSEI,Wed-Fri,1.1146637965383048,3.215413020208386,0.34666271161210427
PSEI,Wed-Sat,3.0738539930665167,3.215413020208386,0.955974854162687
PSEI,Wed-Sun,3.6609039879975436,3.215413020208386,1.1385485985748376
PSEI,Thu-Fri,0.9728957541370379,3.215413020208386,0.30257256160329477
PSEI,Thu-Sat,2.931635392711523,3.215413020208386,0.9117445797123531
PSEI,Thu-Sun,3.6848432749573865,3.215413020208386,1.1459937655905175
PSEI,Fri-Sat,2.715150948225685,3.215413020208386,0.8444174764365793
PSEI,Fri-Sun,3.880328178589707,3.215413020208386,1.2067899688787815
PSEI,Sat-Sun,2.048565876768368,3.215413020208386,0.6371081611890729
SC,Mon-Tue,0.7647154781719248,6.320437027606414,0.12099091800642889
SC,Mon-Wed,1.246739112152236,6.320437027606414,0.1972552066742738
SC,Mon-Thu,0.8788707668078279,6.320437027606414,0.13905221473912246
SC,Mon-Fri,1.0585365974787586,6.320437027606414,0.16747838683548003
SC,Mon-Sat,1.5089856324078372,6.320437027606414,0.23874704008866596
SC,Mon-Sun,1.5227492071568567,6.320437027606414,0.2409246703203893
SC,Tue-Wed,0.6744137608966814,6.320437027606414,0.10670365956514968
SC,Tue-Thu,0.3592585068844868,6.320437027606414,0.05684076992070595
SC,Tue-Fri,0.9499065002753899,6.320437027606414,0.15029126880410118
SC,Tue-Sat,1.7645686349487135,6.320437027606414,0.27918459233774945
SC,Tue-Sun,1.8239769103080827,6.320437027606414,0.2885839859397877
SC,Wed-Thu,0.6921274276878793,6.320437027606414,0.10950626114377915
SC,Wed-Fri,1.2730140493840867,6.320437027606414,0.2014123459855409
SC,Wed-Sat,1.8363512448382244,6.320437027606414,0.29054181488042785
SC,Wed-Sun,1.8450824021812626,6.320437027606414,0.2919232315933707
SC,Thu-Fri,0.9205542928545171,6.320437027606414,0.14564725332025596
SC,Thu-Sat,1.7263144695874826,6.320437027606414,0.2731321365986693
SC,Thu-Sun,1.7694916390299733,6.320437027606414,0.2799634948186629
SC,Fri-Sat,1.0262799935891598,6.320437027606414,0.16237484672445474
SC,Fri-Sun,1.4388827202628183,6.320437027606414,0.22765557412850793
SC,Sat-Sun,0.9458763444483835,6.320437027606414,0.1496536300127639
SCEG,Mon-Tue,0.632416432118924,5.46406416681373,0.11574103319648717
SCEG,Mon-Wed,0.6602765182047851,5.46406416681373,0.12083981777062719
SCEG,Mon-Thu,0.7250443044390176,5.46406416681373,0.1326932265624937
SCEG,Mon-Fri,1.2520054579048692,5.46406416681373,0.22913447201242393
SCEG,Mon-Sat,2.1129907059049957,5.46406416681373,0.3867067884631281
SCEG,Mon-Sun,2.4493927218467992,5.46406416681373,0.44827305226818337
SCEG,Tue-Wed,0.22060961389810926,5.46406416681373,0.0403746382112408
SCEG,Tue-Thu,0.23216113794409754,5.46406416681373,0.04248872832682675
SCEG,Tue-Fri,0.9686258525633293,5.46406416681373,0.17727204933762078
SCEG,Tue-Sat,1.7953713845794363,5.46406416681373,0.32857801990754704
SCEG,Tue-Sun,2.137213819856318,5.46406416681373,0.3911399563784031
SCEG,Wed-Thu,0.2852129241287437,5.46406416681373,0.05219794559899183
SCEG,Wed-Fri,1.051866473894414,5.46406416681373,0.19250624476245687
SCEG,Wed-Sat,1.8820427012315255,5.46406416681373,0.3444400804555347
SCEG,Wed-Sun,2.0385093604377547,5.46406416681373,0.37307566276742216
SCEG,Thu-Fri,0.8594565902629603,5.46406416681373,0.15729255075057744
SCEG,Thu-Sat,1.7785056841546445,5.46406416681373,0.3254913613490282
SCEG,Thu-Sun,2.112553330981592,5.46406416681373,0.3866267427480613
SCEG,Fri-Sat,1.9323046348621231,5.46406416681373,0.35363871577461936
SCEG,Fri-Sun,2.7332713195233893,5.46406416681373,0.5002267975043285
SCEG,Sat-Sun,1.2790543052790295,5.46406416681373,0.23408478858052773
SCL,Mon-Tue,0.5953655422589754,2.57581755553315,0.23113653409965404
SCL,Mon-Wed,0.8120234920606553,2.57581755553315,0.315248838302362
SCL,Mon-Thu,0.4732846962600148,2.57581755553315,0.18374154459944
SCL,Mon-Fri,1.449063092673016,2.57581755553315,0.5625643359562726
SCL,Mon-Sat,4.073428239627397,2.57581755553315,1.5814117855036776
SCL,Mon-Sun,5.286492127541415,2.57581755553315,2.052355034301799
SCL,Tue-Wed,0.27762728357807975,2.57581755553315,0.10778220025005446
SCL,Tue-Thu,0.5257100898449256,2.57581755553315,0.20409445875374224
SCL,Tue-Fri,1.769422167770176,2.57581755553315,0.6869361395449982
SCL,Tue-Sat,3.8642038719110237,2.57581755553315,1.5001853930260989
SCL,Tue-Sun,5.132430760624745,2.57581755553315,1.992544366971837
SCL,Wed-Thu,0.6919711164820705,2.57581755553315,0.26864135427434976
SCL,Wed-Fri,1.8591485104364143,2.57581755553315,0.7217702614235046
SCL,Wed-Sat,3.80292133504332,2.57581755553315,1.476393903315944
SCL,Wed-Sun,5.095541526226378,2.57581755553315,1.978222997696624
SCL,Thu-Fri,1.303871758740552,2.57581755553315,0.5061972483026551
SCL,Thu-Sat,4.065916591387968,2.57581755553315,1.5784955664479865
SCL,Thu-Sun,5.351990865481497,2.57581755553315,2.0777833639594583
SCL,Fri-Sat,5.036753150435823,2.57581755553315,1.955399806797769
SCL,Fri-Sun,6.316758158458384,2.57581755553315,2.4523313558793274
SCL,Sat-Sun,2.021825567384548,2.57581755553315,0.7849257658180938
SOCO,Mon-Tue,1.0631699857893404,5.710987873407911,0.1861621858347453
SOCO,Mon-Wed,1.1493238639201553,5.710987873407911,0.20124782076175565
SOCO,Mon-Thu,1.2340712911222171,5.710987873407911,0.21608718464776067
SOCO,Mon-Fri,1.7592248488768392,5.710987873407911,0.30804212648889046
SOCO,Mon-Sat,2.5847040848394287,5.710987873407911,0.45258441133706373
SOCO,Mon-Sun,3.0118952854996044,5.710987873407911,0.5273860411302747
SOCO,Tue-Wed,0.19982884061594838,5.710987873407911,0.03499024075088865
SOCO,Tue-Thu,0.3447595908588853,5.710987873407911,0.06036776797656853
SOCO,Tue-Fri,1.1332343341552364,5.710987873407911,0.1984305271303269
SOCO,Tue-Sat,1.9126929070724836,5.710987873407911,0.3349145453413692
SOCO,Tue-Sun,2.598409684982145,5.710987873407911,0.4549842763773195
SOCO,Wed-Thu,0.22132435599308314,5.710987873407911,0.038754128164697456
SOCO,Wed-Fri,0.9725073175549312,5.710987873407911,0.17028705700518468
SOCO,Wed-Sat,1.9090795219277683,5.710987873407911,0.3342818377915003
SOCO,Wed-Sun,2.6961436547709,5.710987873407911,0.4720975975671322
SOCO,Thu-Fri,0.8568763983069771,5.710987873407911,0.1500399610891932
SOCO,Thu-Sat,1.83144351626526,5.710987873407911,0.32068769131747166
SOCO,Thu-Sun,2.7477607604853413,5.710987873407911,0.48113580721817806
SOCO,Fri-Sat,2.0519899972978095,5.710987873407911,0.3593056127561567
SOCO,Fri-Sun,3.238150228227167,5.710987873407911,0.5670035202324585
SOCO,Sat-Sun,1.8952142686010722,5.710987873407911,0.3318540173103438
SRP,Mon-Tue,0.8755771267745105,7.221015334456175,0.12125401847529126
SRP,Mon-Wed,1.0901731124463592,7.221015334456175,0.15097227494372323
SRP,Mon-Thu,0.7907571428527849,7.221015334456175,0.10950775011923415
SRP,Mon-Fri,1.2035466298560422,7.221015334456175,0.16667277025616273
SRP,Mon-Sat,2.6543408603901186,7.221015334456175,0.36758554544601596
SRP,Mon-Sun,2.9938380736152164,7.221015334456175,0.41460070848065667
SRP,Tue-Wed,0.3056475599940518,7.221015334456175,0.04232750462883078
SRP,Tue-Thu,0.7483772056822893,7.221015334456175,0.10363877806924095
SRP,Tue-Fri,0.9161770935752117,7.221015334456175,0.12687649189768826
SRP,Tue-Sat,2.481869614472875,7.221015334456175,0.3437009200950254
SRP,Tue-Sun,3.0381341810971767,7.221015334456175,0.42073504076362456
SRP,Wed-Thu,0.823532433601022,7.221015334456175,0.11404662578009099
SRP,Wed-Fri,0.963329267318956,7.221015334456175,0.1334063456038216
SRP,Wed-Sat,2.448873444130033,7.221015334456175,0.339131455994126
SRP,Wed-Sun,3.0465120569375035,7.221015334456175,0.42189524822092633
SRP,Thu-Fri,0.9641332102064879,7.221015334456175,0.1335176793775772
SRP,Thu-Sat,2.010487760270083,7.221015334456175,0.2784217547187213
SRP,Thu-Sun,2.514333060909655,7.221015334456175,0.34819661009610814
SRP,Fri-Sat,1.7335232812925527,7.221015334456175,0.24006641739434928
SRP,Fri-Sun,3.1016516362740196,7.221015334456175,0.429531235236964
SRP,Sat-Sun,1.7405431128316025,7.221015334456175,0.2410385565207618
SWPP,Mon-Tue,0.8443591971309901,5.278118046268897,0.15997353407581852
SWPP,Mon-Wed,0.9159163475914412,5.278118046268897,0.17353085693846934
SWPP,Mon-Thu,0.8069011571398076,5.278118046268897,0.1528766787833035
SWPP,Mon-Fri,1.5013186162598633,5.278118046268897,0.28444203087142883
SWPP,Mon-Sat,2.943238449664004,5.278118046268897,0.5576302810704622
SWPP,Mon-Sun,3.4545528071446263,5.278118046268897,0.6545046504950094
SWPP,Tue-Wed,0.1955273919424113,5.278118046268897,0.03704490695895475
SWPP,Tue-Thu,0.27228936120060504,5.278118046268897,0.051588342438283745
SWPP,Tue-Fri,1.002163053593246,5.278118046268897,0.18987128457683422
SWPP,Tue-Sat,2.1930333737264913,5.278118046268897,0.41549532513331094
SWPP,Tue-Sun,3.000740443253478,5.278118046268897,0.5685246932615882
SWPP,Wed-Thu,0.3392822029875959,5.278118046268897,0.06428090467348198
SWPP,Wed-Fri,0.9017231443003921,5.278118046268897,0.17084179178937092
SWPP,Wed-Sat,2.123877738965705,5.278118046268897,0.40239299696358144
SWPP,Wed-Sun,3.009624103608977,5.278118046268897,0.5702078046049919
SWPP,Thu-Fri,1.0741000536342882,5.278118046268897,0.20350057429912347
SWPP,Thu-Sat,2.203212785068275,5.278118046268897,0.41742393136237765
SWPP,Thu-Sun,2.9926741020823133,5.278118046268897,0.5669964324117069
SWPP,Fri-Sat,2.2604923230255185,5.278118046268897,0.428276196782575
SWPP,Fri-Sun,3.3703558415968162,5.278118046268897,0.6385525696946701
SWPP,Sat-Sun,1.8187556177160678,5.278118046268897,0.34458411156638424
TEC,Mon-Tue,0.42411138545776533,4.412904207013306,0.09610709083232237
TEC,Mon-Wed,0.4644451386300957,4.412904207013306,0.1052470474867698
TEC,Mon-Thu,0.7368556675944951,4.412904207013306,0.16697748988600994
TEC,Mon-Fri,1.3710985964489235,4.412904207013306,0.31070209823949374
TEC,Mon-Sat,3.1446713383298497,4.412904207013306,0.7126081126646961
TEC,Mon-Sun,2.987253677659349,4.412904207013306,0.6769359898888785
TEC,Tue-Wed,0.21078635043928512,4.412904207013306,0.04776590212501967
TEC,Tue-Thu,0.453930867023393,4.412904207013306,0.1028644279887094
TEC,Tue-Fri,1.3391504639683065,4.412904207013306,0.30346239146547344
TEC,Tue-Sat,2.964775200278188,4.412904207013306,0.671842184012595
TEC,Tue-Sun,2.6801889208811414,4.412904207013306,0.6073526174943004
TEC,Wed-Thu,0.4431913846936741,4.412904207013306,0.10043077390833055
TEC,Wed-Fri,1.304255530110464,4.412904207013306,0.2955549155219927
TEC,Wed-Sat,3.0151992795106626,4.412904207013306,0.6832686906547144
TEC,Wed-Sun,2.802461311393885,4.412904207013306,0.6350605360841531
TEC,Thu-Fri,1.0198685765291788,4.412904207013306,0.23111051785541367
TEC,Thu-Sat,2.626641200090524,4.412904207013306,0.5952182682588205
TEC,Thu-Sun,2.7034743547528945,4.412904207013306,0.612629286277354
TEC,Fri-Sat,2.0875894377887123,4.412904207013306,0.4730647527927219
TEC,Fri-Sun,2.9646466762830554,4.412904207013306,0.6718130594295305
TEC,Sat-Sun,1.7497916190586427,4.412904207013306,0.39651701849266235
TEPC,Mon-Tue,0.49822561104908825,9.222829305883273,0.05402090774153963
TEPC,Mon-Wed,0.9975394120749259,9.222829305883273,0.1081598042195785
TEPC,Mon-Thu,0.5790887655666863,9.222829305883273,0.06278862444058068
TEPC,Mon-Fri,0.7688778138171508,9.222829305883273,0.0833668051653825
TEPC,Mon-Sat,1.6201084472393277,9.222829305883273,0.17566284634649534
TEPC,Mon-Sun,2.32049836336656,9.222829305883273,0.25160374180256234
TEPC,Tue-Wed,0.7062927006336036,9.222829305883273,0.07658091429525397
TEPC,Tue-Thu,0.6772296231786963,9.222829305883273,0.07342970369696523
TEPC,Tue-Fri,1.036779877294307,9.222829305883273,0.11241451434354768
TEPC,Tue-Sat,1.7977947483002519,9.222829305883273,0.19492876737439266
TEPC,Tue-Sun,2.5354437680790194,9.222829305883273,0.27490954066141626
TEPC,Wed-Thu,0.7431601966314687,9.222829305883273,0.08057833144080899
TEPC,Wed-Fri,1.3404283978512868,9.222829305883273,0.14533809023183625
TEPC,Wed-Sat,1.6119241694948905,9.222829305883273,0.17477545295852312
TEPC,Wed-Sun,2.328145826179572,9.222829305883273,0.2524329301740888
TEPC,Thu-Fri,0.9859679919050067,9.222829305883273,0.10690515450351602
TEPC,Thu-Sat,1.5844835736338174,9.222829305883273,0.1718001625187913
TEPC,Thu-Sun,2.0930522743357773,9.222829305883273,0.2269425362779524
TEPC,Fri-Sat,1.4853899694001713,9.222829305883273,0.1610557801880423
TEPC,Fri-Sun,2.337253743593905,9.222829305883273,0.25342047066868767
TEPC,Sat-Sun,1.3091729677105404,9.222829305883273,0.14194917029153023
TPWR,Mon-Tue,1.080703159752947,3.109356605988098,0.3475648813235814
TPWR,Mon-Wed,1.2634795822727873,3.109356605988098,0.40634759610381715
TPWR,Mon-Thu,1.4089310668983992,3.109356605988098,0.45312623974523697
TPWR,Mon-Fri,1.842004807799301,3.109356605988098,0.5924070607571706
TPWR,Mon-Sat,3.780492471596862,3.109356605988098,1.215843967307021
TPWR,Mon-Sun,3.5196083598416816,3.109356605988098,1.1319410430645065
TPWR,Tue-Wed,0.3396054795485154,3.109356605988098,0.1092204988306881
TPWR,Tue-Thu,0.37104032673103166,3.109356605988098,0.11933025823299598
TPWR,Tue-Fri,1.1415392279527707,3.109356605988098,0.3671303657336563
TPWR,Tue-Sat,3.131859314516275,3.109356605988098,1.007237094801169
TPWR,Tue-Sun,3.260898086588016,3.109356605988098,1.0487372468979834
TPWR,Wed-Thu,0.34647063731793826,3.109356605988098,0.11142840182779103
TPWR,Wed-Fri,1.0066278309100367,3.109356605988098,0.3237415190562063
TPWR,Wed-Sat,2.897325943111578,3.109356605988098,0.9318088306538451
TPWR,Wed-Sun,3.237063903198246,3.109356605988098,1.0410719365428223
TPWR,Thu-Fri,0.8197172478661416,3.109356605988098,0.2636292171465647
TPWR,Thu-Sat,2.8446380623210974,3.109356605988098,0.9148638843298973
TPWR,Thu-Sun,3.292115308637544,3.109356605988098,1.0587770158937329
TPWR,Fri-Sat,2.5483751166347064,3.109356605988098,0.8195827753326732
TPWR,Fri-Sun,3.5576236951113716,3.109356605988098,1.1441671528637103
TPWR,Sat-Sun,2.1725869418077415,3.109356605988098,0.6987255619454212
TVA,Mon-Tue,0.896835365590553,6.553430572194537,0.13684975459963272
TVA,Mon-Wed,1.0083804787128106,6.553430572194537,0.15387062815485597
TVA,Mon-Thu,0.9544032680636825,6.553430572194537,0.14563414650535972
TVA,Mon-Fri,1.6611611303130926,6.553430572194537,0.2534796259780658
TVA,Mon-Sat,2.806121126879473,6.553430572194537,0.4281911734573838
TVA,Mon-Sun,3.254487170799537,6.553430572194537,0.496608171086447
TVA,Tue-Wed,0.22073237098124188,6.553430572194537,0.03368195764792021
TVA,Tue-Thu,0.4169179576125689,6.553430572194537,0.06361827641563864
TVA,Tue-Fri,1.4809100575423604,6.553430572194537,0.22597478392854178
TVA,Tue-Sat,2.3422760668465843,6.553430572194537,0.3574122043475361
TVA,Tue-Sun,2.6656266534781667,6.553430572194537,0.40675286387989196
TVA,Wed-Thu,0.3538350067287351,6.553430572194537,0.05399233314991036
TVA,Wed-Fri,1.4563951844887901,6.553430572194537,0.22223401445162322
TVA,Wed-Sat,2.247993773445277,6.553430572194537,0.3430254961398782
TVA,Wed-Sun,2.5076867127082236,6.553430572194537,0.3826525184150198
TVA,Thu-Fri,1.2010715622433872,6.553430572194537,0.18327371428018138
TVA,Thu-Sat,2.100429255437043,6.553430572194537,0.3205083554785682
TVA,Thu-Sun,2.7185032715923914,6.553430572194537,0.4148214040943216
TVA,Fri-Sat,2.0939262871867923,6.553430572194537,0.31951605561689844
TVA,Fri-Sun,3.3995804264165246,6.553430572194537,0.5187482172834117
TVA,Sat-Sun,2.3913133297657967,6.553430572194537,0.3648948903055246
WACM,Mon-Tue,0.5916287599203358,3.52892376346247,0.1676513292936224
WACM,Mon-Wed,0.6759091228133745,3.52892376346247,0.19153406764168618
WACM,Mon-Thu,0.6072784409251206,3.52892376346247,0.17208601874960255
WACM,Mon-Fri,1.0871817747753054,3.52892376346247,0.30807743313462704
WACM,Mon-Sat,2.0800330329740984,3.52892376346247,0.589424190601736
WACM,Mon-Sun,2.2390716966693467,3.52892376346247,0.6344913766208538
WACM,Tue-Wed,0.17493859004200707,3.52892376346247,0.04957278812687151
WACM,Tue-Thu,0.22266516842053113,3.52892376346247,0.06309718864599642
WACM,Tue-Fri,0.8113829735313842,3.52892376346247,0.22992363335593302
WACM,Tue-Sat,1.5531787866136701,3.52892376346247,0.44012817808502036
WACM,Tue-Sun,1.8599970789699005,3.52892376346247,0.5270720490558088
WACM,Wed-Thu,0.2510568907116528,3.52892376346247,0.07114262237995293
WACM,Wed-Fri,0.7361286368355683,3.52892376346247,0.2085986227464721
WACM,Wed-Sat,1.4873790871501131,3.52892376346247,0.4214823518008627
WACM,Wed-Sun,1.8115772244513693,3.52892376346247,0.5133511931337122
WACM,Thu-Fri,0.6797269468597456,3.52892376346247,0.19261593404126665
WACM,Thu-Sat,1.566170169900034,3.52892376346247,0.4438095790324914
WACM,Thu-Sun,1.9619275030734413,3.52892376346247,0.5559563296285152
WACM,Fri-Sat,1.800787597660629,3.52892376346247,0.5102937094605161
WACM,Fri-Sun,2.288890736099405,3.52892376346247,0.6486087230894488
WACM,Sat-Sun,1.1173054977317929,3.52892376346247,0.31661366825208137
WALC,Mon-Tue,0.8078617095268883,7.139609243105317,0.11315209026418863
WALC,Mon-Wed,0.668967944990537,7.139609243105317,0.09369811739158636
WALC,Mon-Thu,0.8031256095524766,7.139609243105317,0.11248873463600977
WALC,Mon-Fri,1.1717668097273943,7.139609243105317,0.16412198060544606
WALC,Mon-Sat,1.7094847025834463,7.139609243105317,0.23943673167187499
WALC,Mon-Sun,1.759960971741653,7.139609243105317,0.2465066240762739
WALC,Tue-Wed,0.29117412892724015,7.139609243105317,0.040782922287858465
WALC,Tue-Thu,0.45808695775802405,7.139609243105317,0.06416134863408612
WALC,Tue-Fri,0.8470702081422954,7.139609243105317,0.11864377717314244
WALC,Tue-Sat,1.337931009221252,7.139609243105317,0.1873955511659528
WALC,Tue-Sun,1.7632567856198493,7.139609243105317,0.2469682479223379
WALC,Wed-Thu,0.38549801717734355,7.139609243105317,0.05399427392327065
WALC,Wed-Fri,0.8321823430907864,7.139609243105317,0.11655852789064339
WALC,Wed-Sat,1.3719308182272663,7.139609243105317,0.1921576897996389
WALC,Wed-Sun,1.7422685824223225,7.139609243105317,0.24402856278231502
WALC,Thu-Fri,0.4877037855228009,7.139609243105317,0.06830959075159104
WALC,Thu-Sat,1.079172227141057,7.139609243105317,0.15115284189862463
WALC,Thu-Sun,1.8240098617138072,7.139609243105317,0.2554775478049088
WALC,Fri-Sat,0.9383688748171357,7.139609243105317,0.13143140511832824
WALC,Fri-Sun,2.0364166518856663,7.139609243105317,0.28522802614894127
WALC,Sat-Sun,1.7515250473861506,7.139609243105317,0.245325057401088
